{
 "collecting_time": 15034.367637634277,
 "vq_training_time": 2924.7899508476257,
 "lstm_training_time": 4407.352098226547,
 "dataset_generation_time": 3200.922375202179,
 "agent_training_time": 4832.109834432602,
 "evaluation_time": 999.9526515007019
}