{
 "collecting_time": 13832.744736671448,
 "vq_training_time": 1601.7419304847717,
 "lstm_training_time": 6352.687954425812,
 "dataset_generation_time": 3152.064598798752,
 "agent_training_time": 3217.7266812324524,
 "evaluation_time": 913.9794902801514
}