mean,var
457.531864798069,25.691157946029946
615.755883872509,243.6666599628234
1238.20308526357,344.9646041710236
1331.9656453490256,566.4901371349199
1060.141617457072,410.49102780199684
1287.1055339574814,618.7631428700792
1845.8319246411324,587.4344133971451
1514.6714589675269,612.6481813498824
1645.253502957026,546.0464749544617
