{
 "collecting_time": 20598.125536441803,
 "vq_training_time": 3858.5799577236176,
 "lstm_training_time": 3935.503110408783,
 "dataset_generation_time": 6786.698942899704,
 "agent_training_time": 5077.423092126846
}