{
    "tr": {
        "ce": [
            9.330717251742328,
            7.58668893566838,
            7.022646551838627,
            6.7387424391287345,
            6.519323895772298,
            6.345599550671047,
            6.203768473024722,
            6.084638770068134,
            5.982833157645332,
            5.89175039573952,
            5.8119421051166675,
            5.7276495509677465,
            5.652770733656706,
            5.582868781972815,
            5.51643208221153,
            5.452890932648271,
            5.395151602780378,
            5.338993965078283,
            5.279772653226499,
            5.227695399390327,
            5.176787826043588,
            5.126006270867807,
            5.075013397711294,
            5.022000926688865,
            4.97370806729352,
            4.922038634971336,
            4.872559604291562,
            4.829925356264468,
            4.781624460220337
        ],
        "mse": [
            35.64897049374051,
            22.044371299743652,
            19.315511636380798,
            17.9477709530018,
            17.011564195421006,
            16.285476843516033,
            15.668178887543855,
            15.128328548713966,
            14.663093458811442,
            14.254078793702302,
            13.908683326862477,
            13.555543984307183,
            13.250659555505823,
            12.965079414226391,
            12.695310313613327,
            12.432555375275788,
            12.195996492880361,
            11.968207051312483,
            11.74611889521281,
            11.543652164317944,
            11.351080560330992,
            11.163469116069653,
            10.98104864049841,
            10.79622904671563,
            10.620773645330358,
            10.442442685586435,
            10.274902154427988,
            10.155344468575937,
            9.987739798227945
        ],
        "acc": [
            0.3488689289835316,
            0.46866913247991493,
            0.5029914729683488,
            0.5204134955891856,
            0.5361603129351581,
            0.5480594740090546,
            0.557759416103363,
            0.5654979867405362,
            0.5722575351927015,
            0.5782352549941452,
            0.5834460476592735,
            0.5891588665820934,
            0.5942209321922726,
            0.5988279925452338,
            0.60346934027142,
            0.60750290495378,
            0.6116102540493011,
            0.6154192824275405,
            0.6195004458780642,
            0.6230337210496266,
            0.626572639103289,
            0.6300970893877524,
            0.6336228421882347,
            0.6374239126399711,
            0.640972522938693,
            0.644529380886643,
            0.6480097041748188,
            0.6510882641651012,
            0.6544851102210857
        ]
    },
    "vl": {
        "ce": [
            8.138628381093342,
            7.302268829345703,
            6.914067306518555,
            6.711892239252726,
            6.545739027659098,
            6.435523977279663,
            6.307980998357137,
            6.233132371902466,
            6.166440200805664,
            6.12343534787496,
            6.064282792409261,
            6.00463031133016,
            5.969928229649861,
            5.932267074584961,
            5.908992557525635,
            5.883794956207275,
            5.855949519475301,
            5.839153515497843,
            5.824993756612142,
            5.814960273106893,
            5.806046495437622,
            5.774163548151652,
            5.775038242340088,
            5.756548589070638,
            5.782134024302165,
            5.774002345403035,
            5.78597599029541,
            5.772886257171631,
            5.769211184183757
        ],
        "mse": [
            24.68012233734131,
            20.503254934946696,
            18.467549165089924,
            17.641948528289795,
            17.089140281677246,
            16.54734386444092,
            15.96658145904541,
            15.620387992858888,
            15.236869099934896,
            15.051835594177247,
            14.710348122914633,
            14.380186729431152,
            14.341173877716065,
            14.15239013036092,
            14.040581022898357,
            13.764646689097086,
            13.655814189910888,
            13.60580961227417,
            13.474234612782796,
            13.416623338063557,
            13.346614398956298,
            13.19675921758016,
            13.166215438842773,
            13.041612669626872,
            13.156451282501221,
            13.159596741994221,
            13.074989757537843,
            13.010699977874756,
            12.894132061004639
        ],
        "acc": [
            0.428184902270635,
            0.48719792544841767,
            0.5092187583446502,
            0.5229205824931462,
            0.5345442819595337,
            0.5417617313067118,
            0.551558606227239,
            0.5560195406277975,
            0.5617343870798747,
            0.5640234502156576,
            0.5669752709070841,
            0.5695260534683864,
            0.5739505332708359,
            0.5756302193800609,
            0.5771093867222468,
            0.5774583425124487,
            0.5800351643562317,
            0.5811692802111308,
            0.5812278749545415,
            0.5828359486659368,
            0.5825338667631149,
            0.5854752723375957,
            0.5847864685455958,
            0.5849127741654714,
            0.5849401162068049,
            0.5868776160478592,
            0.5841263123353322,
            0.5847382934888204,
            0.585457044839859
        ]
    }
}