{
    "tr": {
        "ce": [
            10.17270521234583,
            8.529296425713433,
            7.911997125766895,
            7.597904753155179,
            7.35420417715002,
            7.1483154063754615,
            6.979852790479307,
            6.850851476104171,
            6.745825775287769,
            6.660275334958677,
            6.5896801061983465,
            6.52802381656788,
            6.469964701334636,
            6.411659880744087,
            6.361307372340449,
            6.315248806211684,
            6.27320471657647,
            6.236393287446764,
            6.197804486310041,
            6.163543829388089,
            6.130201671741627,
            6.09789998654966,
            6.066920838532624,
            6.039789587303444,
            6.0150413891121195,
            5.986926663716634,
            5.963621594464337,
            5.9391297449889,
            5.917203937106662,
            5.892295130976924,
            5.872629669683951,
            5.853005078633626,
            5.83234386338128,
            5.81217839523598,
            5.792915145379526,
            5.773651735164501,
            5.752959351363005,
            5.737225938726355,
            5.719927651087443,
            5.702502813692446,
            5.689160326145314,
            5.671946110548796,
            5.65217019893505,
            5.63721571109913,
            5.621797565530848,
            5.607153203752306,
            5.589573833677504,
            5.575489130726567,
            5.560744488680804,
            5.546295969221327,
            5.534424342049492,
            5.518812638741952,
            5.50326153755188,
            5.490751505604496,
            5.477644311763622,
            5.458984246783786,
            5.435026459517302,
            5.417356579038832,
            5.395973554187351,
            5.382271761364407,
            5.367419755370529,
            5.351476331640173,
            5.336489411106816,
            5.326426615891633,
            5.3122311207100195
        ],
        "mse": [
            46.917362937927244,
            28.066863796092846,
            22.967988843564633,
            21.256159275196218,
            20.003888294078685,
            19.078112150828044,
            18.35877412089595,
            17.787901083628338,
            17.342142357296414,
            16.95760399500529,
            16.64338943198875,
            16.37154820830734,
            16.093053044919614,
            15.858162429950855,
            15.637682003445095,
            15.427680713512279,
            15.242690787138763,
            15.063343214105677,
            14.888563932489467,
            14.722779008370859,
            14.587538981261076,
            14.427370483963578,
            14.292429683120162,
            14.157852513348615,
            14.047966369346335,
            13.917759559066207,
            13.811473815352828,
            13.697131085572419,
            13.604234885463008,
            13.481926863635028,
            13.39273439195421,
            13.294747414765535,
            13.212220985271312,
            13.120308315135814,
            13.035227924629494,
            12.954050485116465,
            12.851588568510833,
            12.800074582982946,
            12.709404595692952,
            12.653614075272172,
            12.583758376792625,
            12.524546213503237,
            12.42676384749236,
            12.36573059717814,
            12.302074272014476,
            12.242653334582293,
            12.171914824733028,
            12.109155337722212,
            12.046942388040048,
            11.989555086912933,
            11.935931958799008,
            11.878901184223317,
            11.821698053854483,
            11.764940730200873,
            11.715349480664289,
            11.65597861537227,
            11.580277650621202,
            11.533294585192644,
            11.457198465135363,
            11.408834917280409,
            11.348222612451623,
            11.293785574877704,
            11.236004096137153,
            11.19579153837981,
            11.14147476690787
        ],
        "acc": [
            0.17993431986482056,
            0.2949146466785007,
            0.34202214117403384,
            0.3650526680769744,
            0.3837751794744421,
            0.39717911466404243,
            0.4077003820737203,
            0.4159330208654757,
            0.42215003457334305,
            0.42725232084592185,
            0.4314885769729261,
            0.4352057353213981,
            0.4388062845777582,
            0.44320052689976164,
            0.44670168424094164,
            0.4496145890818702,
            0.4523577892338788,
            0.4548826742172241,
            0.45740321779692616,
            0.45957451396518284,
            0.46210098988480036,
            0.46419575251914835,
            0.46644517362117766,
            0.46815640036706574,
            0.46985460658868156,
            0.47182089739375643,
            0.47343374413472633,
            0.475131805980647,
            0.47660388350486754,
            0.4782581087394997,
            0.47962081032770654,
            0.48091493663964446,
            0.4822999194154033,
            0.4837614361665867,
            0.48501635502885887,
            0.4865227211183972,
            0.4876928604090655,
            0.4887300425547141,
            0.4899934975968467,
            0.4910622176417598,
            0.4920640993559802,
            0.4930568650475255,
            0.4944561717024556,
            0.495464707436385,
            0.49658247378137377,
            0.4975727809358526,
            0.498798475574564,
            0.4997738805302867,
            0.5007968840554908,
            0.5016426597701179,
            0.5024687593733823,
            0.5035384932270757,
            0.5046297835199921,
            0.5054090082424658,
            0.5063861502541436,
            0.5076770935014442,
            0.5093780486009739,
            0.5105303926600351,
            0.5118686447540919,
            0.5126692812089567,
            0.5136954688584363,
            0.514631665945053,
            0.5157112385387774,
            0.5162777885684261,
            0.5172255609212099
        ]
    },