{
    "tr": {
        "ce": [
            1.980971722426238,
            1.476371606985728,
            1.366836937798394,
            1.3048224458871065,
            1.2586469737688701,
            1.2215681261486477,
            1.18969155770761,
            1.1626158544752332,
            1.1379760396039045,
            1.1158008974569815,
            1.0956577426415903,
            1.076688099613896,
            1.0596447913293485,
            1.0436164469189113,
            1.0284256188074747,
            1.0140082758444326,
            1.0005353489628546,
            0.9875858596077671,
            0.9746546377959074,
            0.9622411812676324,
            0.9504268578246787,
            0.9387821992679879,
            0.9268357900778452,
            0.9150086054537031,
            0.9043873510537324
        ],
        "mse": [
            34.584386372036406,
            20.78132414923774,
            18.643489398249873,
            17.454691840984204,
            16.531876837412515,
            15.77192943714283,
            15.10880045996772,
            14.552574274981463,
            14.03625044575444,
            13.584427276893898,
            13.174799097555654,
            12.789421949033384,
            12.45618939364398,
            12.140927972440366,
            11.840622659612585,
            11.570495624542236,
            11.316477972666423,
            11.075359942824752,
            10.846966309017605,
            10.63020528687371,
            10.419218039336029,
            10.212239454057482,
            10.003694077950938,
            9.798505448235407,
            9.62087624973721
        ],
        "acc": [
            0.393025757888401,
            0.5056922843279662,
            0.5338841272724999,
            0.5497630329485292,
            0.5614276736753958,
            0.5709463370729376,
            0.5790049310966774,
            0.5862417645807619,
            0.5927652032728549,
            0.5986786877667463,
            0.6044268057964466,
            0.609430133457537,
            0.6143382648626964,
            0.618925214431904,
            0.6234014885072355,
            0.627811788143935,
            0.6317297564612494,
            0.6355176630726567,
            0.6396539477948789,
            0.6433553358360573,
            0.6471810021223845,
            0.6508332010551735,
            0.6543929515503071,
            0.6583009376790788,
            0.6617058850217749
        ]
    },
    "vl": {
        "ce": [
            1.5796441340446472,
            1.4247596351305645,
            1.3652018960316976,
            1.3193418423334757,
            1.2830476299921671,
            1.2577044995625815,
            1.2334928019841511,
            1.2203088188171387,
            1.2052661057313283,
            1.1896739224592845,
            1.1779863639672596,
            1.1694087898731231,
            1.1669055533409118,
            1.1579812542597452,
            1.1533870402971904,
            1.14921400586764,
            1.1453450977802277,
            1.1480838815371195,
            1.142335219780604,
            1.1376940484841664,
            1.1395009060700734,
            1.1382967166105906,
            1.1463787444432576,
            1.145161026318868,
            1.1466091926892599
        ],
        "mse": [
            22.844297580718994,
            19.59511880238851,
            18.679101600646973,
            17.743368040720622,
            16.939909496307372,
            16.062242806752522,
            15.425837586720785,
            15.406192595163981,
            14.96705691655477,
            14.66162441889445,
            14.312812124888103,
            14.34351105372111,
            13.907993755340577,
            13.633858242034911,
            13.653554407755534,
            13.447630697886149,
            13.353433024088542,
            13.306633027394613,
            13.227105700174967,
            13.039983558654786,
            13.135564053853352,
            12.810984439849854,
            13.179337406158448,
            12.933899904886882,
            12.972513116200766
        ],
        "acc": [
            0.4749518309036891,
            0.5177395925919215,
            0.5328906371196112,
            0.5433463629086812,
            0.5533502725760142,
            0.5596940225362778,
            0.5655742347240448,
            0.5683750090996424,
            0.5724114708105723,
            0.5769974072774251,
            0.5792812623580297,
            0.582611991961797,
            0.5825117311875025,
            0.5851992319027582,
            0.586622407635053,
            0.5871406360467275,
            0.5894609512885411,
            0.5887057399749756,
            0.5898815200726191,
            0.5917877711852392,
            0.5908164193232854,
            0.5939674599965413,
            0.5910377742846807,
            0.5924492281675339,
            0.5925078254938125
        ]
    }
}