{
    "tr": {
        "ce": [
            9.998611703802037,
            8.368321491170812,
            7.7926158890900785,
            7.430457030755502,
            7.143260121168914,
            6.912414810392591,
            6.740141207023903,
            6.599555215482359,
            6.481190688168561,
            6.382587871904726,
            6.292398285689178,
            6.2101570715727625,
            6.132382819211042,
            6.06092228324325,
            5.994825767587733,
            5.929948856212475,
            5.874669173205341,
            5.822876111136543,
            5.776416846381293,
            5.7326752337702995,
            5.686741612045854,
            5.646206444987544,
            5.605275549712005,
            5.567998890346951,
            5.532060244524921,
            5.496425661510892,
            5.4621586386362715,
            5.4283170382181805,
            5.39617488084016,
            5.365217399243956,
            5.3309786012437606,
            5.302301848729451,
            5.269739520814683,
            5.24315934251856,
            5.210465014775594,
            5.181797145207723,
            5.156437155758893,
            5.129706520857634,
            5.100425298125655,
            5.073260862915604,
            5.046266325491446,
            5.020855822386565,
            4.993491246611984,
            4.971490677374381,
            4.943602890791716,
            4.916030368451719,
            4.893449135533086,
            4.867385802798801,
            4.843090643706145,
            4.818639155140629,
            4.792420801586575,
            4.770576035888107
        ],
        "mse": [
            45.506867736533835,
            26.27973955790202,
            22.032950494554306,
            20.164209175109864,
            18.869112500791196,
            17.895646545975296,
            17.222538747434264,
            16.641294481489393,
            16.14834357155694,
            15.728442219628228,
            15.32299511803521,
            14.986532025513826,
            14.648951599686233,
            14.34272977122554,
            14.081084586955884,
            13.796676153253626,
            13.568938906634296,
            13.354953192251699,
            13.15364357277199,
            12.976197166442871,
            12.785777087035003,
            12.610214920043946,
            12.451218328829166,
            12.294159685770671,
            12.157775446573893,
            12.020067741252758,
            11.877571511445222,
            11.753521786442509,
            11.620615586174859,
            11.502229410100867,
            11.3748153368632,
            11.274375618828667,
            11.154769790790699,
            11.04482069298073,
            10.923972832008644,
            10.824486776987712,
            10.7318167008294,
            10.638131201708758,
            10.526731511575205,
            10.437861896091038,
            10.343579966580426,
            10.264135773976644,
            10.164855410611189,
            10.093750036734122,
            10.00746235176369,
            9.907252760286685,
            9.830697494789407,
            9.752028731240166,
            9.67382932027181,
            9.592876367922182,
            9.500866114298503,
            9.429391941494412
        ],
        "acc": [
            0.19692983542499995,
            0.30507581609266776,
            0.34559086287463153,
            0.37471108847194246,
            0.39695067158451786,
            0.4130024658088331,
            0.4237999189120752,
            0.43248148734922764,
            0.4397782177174533,
            0.44556322938866083,
            0.45111024936040245,
            0.45675767399646616,
            0.4620266263794016,
            0.46667347236915874,
            0.47143041714474004,
            0.4759071240380958,
            0.4797559383621922,
            0.4831467080116272,
            0.48603530762372193,
            0.4892217954882869,
            0.4922960144722903,
            0.49515582424622995,
            0.4979764261510637,
            0.500632242957751,
            0.5031037423566536,
            0.5053407226668464,
            0.5078653168899042,
            0.5102527590592703,
            0.5122543507152133,
            0.5144858322761677,
            0.5169700641102261,
            0.5187173154398247,
            0.5210888433456421,
            0.5229469157810565,
            0.5253020951041469,
            0.5271025867153097,
            0.5288764582519178,
            0.5306571308330253,
            0.532701110707389,
            0.5347618752717972,
            0.5365085475533097,
            0.538493067158593,
            0.5404025004086671,
            0.5419233344660865,
            0.5439441667662727,
            0.5459009083995112,
            0.5475334314946775,
            0.5496161867512597,
            0.5511937335685447,
            0.5530068111419678,
            0.5549208738627257,
            0.5564731021280642
        ]
    },
    "vl": {
        "ce": [
            8.82535187403361,
            8.045243460337321,
            7.694026594161987,
            7.342619965871175,
            7.1079144922892254,
            6.915363232294719,
            6.777206983566284,
            6.665192422866821,
            6.584847628275553,
            6.508226938247681,
            6.4137792332967125,
            6.353030910491944,
            6.29865351041158,
            6.254425703684489,
            6.180558344523112,
            6.146306447982788,
            6.0892740313212075,
            6.074373677571614,
            6.041011587778727,
            6.025534690221151,
            5.975289338429769,
            5.95009414990743,
            5.93801084836324,
            5.920988696416219,
            5.8936022186279295,
            5.887233565648397,
            5.865096572240193,
            5.867052656809489,
            5.833861411412557,
            5.824248638153076,
            5.8140382480621335,
            5.7956107934316,
            5.773905045191447,
            5.785452404022217,
            5.779774138132731,
            5.769719168345134,
            5.75433097521464,
            5.767005936304728,
            5.742502940495809,
            5.745887794494629,
            5.725074157714844,
            5.734938898086548,
            5.723065249125162,
            5.716585521697998,
            5.72725677172343,
            5.726505699157715,
            5.699884881973267,
            5.709623260498047,
            5.708687229156494,
            5.709173514048259,
            5.714987881978353,
            5.707030509312948
        ],