{
    "tr": {
        "ce": [
            10.04497327733923,
            8.343454322461728,
            7.756555990289759,
            7.348976513544718,
            7.107572746276856,
            6.93834031952752,
            6.808686894310846,
            6.703221679616857,
            6.615736682326705,
            6.539335138179638,
            6.4723006100124785,
            6.415783439565588,
            6.361396894454956,
            6.309207435537267,
            6.259152698163633,
            6.221260560000384,
            6.184537809866446,
            6.148113494802405,
            6.115437726974488,
            6.085364953853466,
            6.055669723086887,
            6.028048839922304,
            6.001358384732847,
            5.977852137177079,
            5.949432411900273,
            5.92866673151652,
            5.904074970881144,
            5.883260587409691,
            5.860205178790622,
            5.841485460069444,
            5.821147471887094,
            5.8039781655205624,
            5.781845835579766,
            5.764262955277054,
            5.74655915790134,
            5.7246789925186725,
            5.707961099765919,
            5.691576029812848,
            5.669973419683951,
            5.656256947340789,
            5.640573694087841,
            5.622140935615257,
            5.603548354749327,
            5.58439041879442,
            5.567622153670699,
            5.555147608651056,
            5.534389655854967,
            5.5206148949375855,
            5.500454877924036,
            5.489238236391986,
            5.47328370058978,
            5.458290316617047
        ],
        "mse": [
            41.117793259797274,
            26.142908022845234,
            22.8419750157109,
            21.01144381346526,
            19.8872916398225,
            19.09554831398858,
            18.443583755493165,
            17.97781006919013,
            17.568764032434533,
            17.211713817031296,
            16.912633206402813,
            16.640893960175692,
            16.39280329598321,
            16.146283124287923,
            15.934627689079003,
            15.77092593934801,
            15.600400943756103,
            15.422840422171134,
            15.265209254512081,
            15.117917936819572,
            14.966873267844871,
            14.837759680571379,
            14.714448126333732,
            14.603788373735217,
            14.465583160541676,
            14.363655399746365,
            14.242724311263473,
            14.134019837556062,
            14.031319600564462,
            13.955961431573938,
            13.857044039125796,
            13.768001744305646,
            13.676342708446361,
            13.59543022579617,
            13.519381671481662,
            13.414021985089338,
            13.35325180194996,
            13.26726442972819,
            13.181780750133374,
            13.126311754297328,
            13.056029461754694,
            12.966341978708902,
            12.90569661670261,
            12.829609849011456,
            12.75553013836896,
            12.711999068790012,
            12.62732679578993,
            12.558211668509024,
            12.501567032425491,
            12.447919292449951,
            12.379636602754946,
            12.327562270694308
        ],
        "acc": [
            0.3032003815582505,
            0.41515148140766,
            0.45756077022464187,
            0.48429051600120687,
            0.49946022311846416,
            0.5096108322673374,
            0.5178420252932443,
            0.5251951794271116,
            0.531053107910686,
            0.536134416350612,
            0.5403430377112495,
            0.5443939645643587,
            0.5479048154089186,
            0.5517832869070548,
            0.5550902896457248,
            0.5575722051108325,
            0.5600286578690564,
            0.5624223209751977,
            0.564440260860655,
            0.5664325933103208,
            0.5683158389727274,
            0.5700133218147136,
            0.5719373673862881,
            0.573492777744929,
            0.5753617007644088,
            0.5767899433330254,
            0.5783985934434114,
            0.5798469454270821,
            0.5814628299518868,
            0.5827330848022744,
            0.5840733620855544,
            0.5854017766758247,
            0.586773883678295,
            0.588012453229339,
            0.5892458169107084,
            0.5908339234193166,
            0.5920933273103502,
            0.5931222633079246,
            0.5946127145820194,
            0.5955167942576938,
            0.5967352547027447,
            0.5978851396507687,
            0.5993265458831081,
            0.600499287976159,
            0.6017715690312562,
            0.6026396239686895,
            0.6040539760942812,
            0.6049784551726447,
            0.6064865570156662,
            0.6071823034904621,
            0.6083172873214439,
            0.6093016615620366
        ]
    },
    "vl": {
        "ce": [
            8.805344896316528,
            8.06393728574117,
            7.561719493865967,
            7.269985373814901,
            7.061852102279663,
            6.956780223846436,
            6.821152009963989,
            6.724554239908854,
            6.678696247736613,
            6.608389174143474,
            6.555118147532145,
            6.503696769078573,
            6.477133022944132,
            6.418351570765178,
            6.3877352587382,
            6.357997179031372,
            6.345076847076416,
            6.319414634704589,
            6.291060180664062,
            6.2641173839569095,
            6.256888507207234,
            6.226909090677897,
            6.206782089869181,
            6.185479294459025,
            6.19024245262146,
            6.178220631281535,
            6.1507450930277505,
            6.159044672648112,
            6.124063447316487,
            6.119155349731446,
            6.096835136413574,
            6.122010157903035,
            6.086257661183675,
            6.08356707572937,
            6.062296918233236,
            6.043882500330607,
            6.0470719782511395,
            6.077367238998413,
            6.045694023768107,
            6.038412221272787,
            6.027356440226237,
            6.012929423650106,
            6.014739332199096,
            6.005931100845337,
            5.978964131673177,
            5.980920511881511,
            5.9633214569091795,
            5.9668401400248205,
            5.975548426310222,
            5.965319356918335,
            5.966646343866984,
            5.973173294067383
        ],