{
    "tr": {
        "qmse": [
            3.2570684019173943,
            2.849325053998309,
            2.640151426300239,
            2.483187021654234,
            2.3547653311547156,
            2.248589454650589,
            2.15803967522691,
            2.078670675868287,
            2.006185826723498,
            1.941303140593314,
            1.8788940646444834,
            1.8216855306460191,
            1.7659038589269476,
            1.7147203137975302,
            1.6644856508507695,
            1.616782857161168,
            1.5726104027882277,
            1.5293860394916285,
            1.4892262282685935,
            1.4494078645080246,
            1.4131583540101285,
            1.3778615787158943
        ],
        "mse": [
            2.9956650607167896,
            2.5755895032450913,
            2.3775375585938545,
            2.2294027012410913,
            2.1096962083258988,
            2.010425268317819,
            1.9258377960988071,
            1.8519070389349748,
            1.7852028756835692,
            1.7259165155094325,
            1.6695750410598087,
            1.6183223537093272,
            1.5685500309699867,
            1.523139283817179,
            1.4792749873413138,
            1.4371469641702583,
            1.3988518458085015,
            1.3614746877684198,
            1.326480980956855,
            1.292137536115829,
            1.261237738669299,
            1.231237438756693
        ],
        "acc": [
            49.86912784642342,
            51.1146829080089,
            52.48454944118835,
            53.74152753643626,
            54.91589158003688,
            55.97729962019165,
            56.94280214782038,
            57.83787105844869,
            58.68309407710884,
            59.46247346927894,
            60.22569842883353,
            60.95934345236088,
            61.67762460262353,
            62.35562662193023,
            63.0371491711975,
            63.70818139716363,
            64.32713742895135,
            64.9550276373484,
            65.55534630552029,
            66.16348086320605,
            66.72455058819398,
            67.28581740333837
        ]
    },
    "vl": {
        "qmse": [
            2.9841457501135236,
            2.7773946836346486,
            2.6568210870841815,
            2.5694622045657676,
            2.5022455277990123,
            2.452173383183818,
            2.432490182704613,
            2.4047565346207125,
            2.400218907601195,
            2.3953635177977097,
            2.397674603866098,
            2.389138366680979,
            2.391412798172789,
            2.4063191899184972,
            2.4167229018576157,
            2.4331564053160246,
            2.422744028229531,
            2.441049241303095,
            2.4564999472248097,
            2.4663403763797116,
            2.4789090791686634,
            2.487561703379688
        ],
        "mse": [
            2.720748073090621,
            2.540220984344274,
            2.4172321202976454,
            2.3440814809721022,
            2.2809855661105587,
            2.2520412617042416,
            2.2312740771496884,
            2.220636711094549,
            2.2167912718376828,
            2.212658036927708,
            2.2420481300093438,
            2.2385218947962984,
            2.2380881387679303,
            2.2606376751524504,
            2.2769502746602877,
            2.3020869418571555,
            2.283130803394839,
            2.3150303774192684,
            2.333314291440724,
            2.340457565797483,
            2.355648533242648,
            2.372869224821935
        ],
        "acc": [
            50.57017711179504,
            51.63179575745525,
            52.49185830028982,
            53.135689588192385,
            53.72771390311705,
            53.95828097895846,
            54.39164126342763,
            54.58942113515458,
            54.659375190083445,
            54.68931552328047,
            54.53923381254321,
            54.667530310609955,
            54.69764642051009,
            54.59213318720541,
            54.52187455417029,
            54.28677467537708,
            54.58730524354945,
            54.40049030578853,
            54.19038646533841,
            54.23123512437435,
            54.11798730899727,
            53.91855313966835
        ]
    }
}