{
    "tr": {
        "qmse": [
            3.4016835611303393,
            3.0774395494829085,
            2.8956987751323524,
            2.764600379747375,
            2.659862404933131,
            2.569903864030308,
            2.4876998038105023,
            2.414378752972137,
            2.3470886030011684,
            2.2881374260967027,
            2.232608452534393,
            2.182679950231044,
            2.135234379109116,
            2.0908206625573,
            2.0490217485242397,
            2.01012467686002,
            1.9731271378503532,
            1.9378870206558751,
            1.90312792728897,
            1.87040661312968,
            1.8384987607403607,
            1.8066992591630722,
            1.7777645001111513,
            1.7480135725030634,
            1.7202116516505068,
            1.692658728902661,
            1.666668177846354
        ],
        "mse": [
            3.1520075575626576,
            2.7892597046205605,
            2.616358333284534,
            2.4926844076413364,
            2.3938622542407075,
            2.309209307904158,
            2.233076476391526,
            2.165652618115523,
            2.1036733250167368,
            2.0491632200308896,
            1.9979331600234995,
            1.9514808971372575,
            1.9079761398631871,
            1.8671029067916083,
            1.8286597790670265,
            1.7930730674376207,
            1.759252167624639,
            1.7268638275416561,
            1.6951516855817115,
            1.6657359359547637,
            1.63723830327695,
            1.6085469176507727,
            1.5826999563027646,
            1.5560404728770945,
            1.5317299845949635,
            1.5073114578501499,
            1.4842078930626739
        ],
        "acc": [
            49.837156175770176,
            49.99594513640437,
            50.80887016754533,
            51.581931437485416,
            52.28297823071661,
            52.96795234170158,
            53.647847633454546,
            54.29028387002328,
            54.9253349697579,
            55.525425644277334,
            56.08511495213493,
            56.62162547885231,
            57.14433064615788,
            57.65673185293162,
            58.132683120575116,
            58.601014143570836,
            59.02961914534266,
            59.47203428069352,
            59.9008327974298,
            60.30227441586321,
            60.71719869006843,
            61.14141192707165,
            61.52491764035568,
            61.91216929456594,
            62.28063866672672,
            62.664269068001325,
            63.02313605400973
        ]
    },
    "vl": {
        "qmse": [
            3.1612824986541206,
            2.978729489071122,
            2.859763332729131,
            2.7768003520418385,
            2.7069443288396617,
            2.6477933216616103,
            2.600679317133023,
            2.5690439405337058,
            2.537105627072965,
            2.4968270363052034,
            2.487422136335425,
            2.4728551448368634,
            2.4654954248438767,
            2.4431148008570647,
            2.44930717756188,
            2.445582477772822,
            2.4391075568120986,
            2.4611319303512573,
            2.4431185051391684,
            2.4401589651576807,
            2.4507836305378565,
            2.4491674444063114,
            2.4680910002989846,
            2.468118902112617,
            2.466459967725264,
            2.480311737685907,
            2.4736934932854657
        ],
        "mse": [
            2.886366310341111,
            2.714947650992805,
            2.6060863733291626,
            2.528079999926312,
            2.4719335524762265,
            2.4253008196262713,
            2.3804717699035267,
            2.352942216591757,
            2.3298814400949115,
            2.3073298501186685,
            2.2947410625186775,
            2.288340520989048,
            2.2790802430585435,
            2.2693889395135347,
            2.2749107782957982,
            2.2694996364129696,
            2.2738129665942792,
            2.3035400656403087,
            2.2932483084866258,
            2.2858183357884974,
            2.3013116818308177,
            2.300048236312762,
            2.322234849786498,
            2.3350517417563768,
            2.3285406323078552,
            2.342552692838054,
            2.3463410243310565
        ],
        "acc": [
            49.95297138971058,
            50.457758077832516,
            51.052676369257966,
            51.58251252005009,
            52.046974532591186,
            52.309914975544146,
            52.73152277932141,
            53.01057590487225,
            53.17320461318793,
            53.4275595363372,
            53.591374735363196,
            53.74209700060673,
            53.94483009159891,
            53.99027452931378,
            54.049527246118245,
            54.10054648508791,
            54.171479863872946,
            53.840766920418034,
            54.02580550948127,
            54.17351083514469,
            54.08085547184032,
            54.18696186093033,
            54.00423068003576,
            53.850868645587255,
            53.86634427504461,
            53.86529884866027,
            53.89638504858225
        ]
    }
}