{
    "tr": {
        "qmse": [
            7.593041094267343,
            6.867294095200776,
            6.397567805531032,
            6.076071544173133,
            5.843607485240008,
            5.64969349284188,
            5.472471509433307,
            5.312593935181471,
            5.166470887703723,
            5.035714289729843,
            4.913555153232691,
            4.805123474923212,
            4.700665450320712,
            4.605021075396797,
            4.517278981331959,
            4.43027584475248,
            4.349006955727224,
            4.273352943485321,
            4.197440253532755,
            4.126855035423689,
            4.058942295432055,
            3.992864839721327,
            3.9299257569528936,
            3.8692590376773675,
            3.8100994936567205,
            3.7539559322735054,
            3.7014092089955257,
            3.6472811055596353,
            3.595344322280513,
            3.5465813201091745
        ],
        "mse": [
            6.983902923534142,
            6.161942521115271,
            5.719995320440969,
            5.424552136951216,
            5.210472698814417,
            5.030042511682965,
            4.868047778854903,
            4.720576429903163,
            4.585640750805029,
            4.465966114408157,
            4.353491109180363,
            4.254086105122967,
            4.159124426188276,
            4.071371972470326,
            3.990800354626359,
            3.9122014017461537,
            3.8392912686613694,
            3.7705741153231367,
            3.703684204220953,
            3.640742998723019,
            3.5800095928073907,
            3.5214076561610486,
            3.466099465882224,
            3.4124620775798284,
            3.360286584924833,
            3.311482332572137,
            3.265090128601014,
            3.2174796343791523,
            3.1728455619006417,
            3.1299648447190327
        ],
        "acc": [
            51.67738238626322,
            51.89312345005031,
            52.728777302503225,
            53.47818625947691,
            54.13352474275964,
            54.732189822146246,
            55.35285508006005,
            55.94833446867522,
            56.52581373995396,
            57.07510540602019,
            57.60465092986451,
            58.10988184276304,
            58.58643954193581,
            59.047037634723495,
            59.48889135082816,
            59.92289107101589,
            60.331655043086464,
            60.728760755956806,
            61.13428193651337,
            61.52391820756616,
            61.88862972873861,
            62.256550743600876,
            62.61072098140259,
            62.96630009479053,
            63.30632663939507,
            63.63657630529494,
            63.955542853595055,
            64.28953017626299,
            64.60324204898974,
            64.91708568221202
        ]
    },
    "vl": {
        "qmse": [
            7.095040557163009,
            6.6702082587070155,
            6.313744398414111,
            6.112098246975675,
            5.9522225798153485,
            5.85847889465061,
            5.799414500512712,
            5.698588160869202,
            5.609709496706562,
            5.529841986510272,
            5.4856344070590914,
            5.413207903585799,
            5.438194355026621,
            5.372259551710118,
            5.386187678477803,
            5.373737982062043,
            5.3217369676287705,
            5.324101950301499,
            5.31663004687575,
            5.293919469489426,
            5.311608167293945,
            5.304603720623287,
            5.302355267962471,
            5.310917182046859,
            5.33131003966097,
            5.330753108842777,
            5.340071199370212,
            5.3825459030808,
            5.356187701225281,
            5.356311373371896
        ],
        "mse": [
            6.431565180502303,
            6.0066501781588695,
            5.712475702410838,
            5.5187317523799955,
            5.390817437667013,
            5.2938642260806805,
            5.208771057467643,
            5.1302896203890525,
            5.077210224391333,
            5.033397279150499,
            5.000822511527057,
            4.954193830490112,
            4.916140461880001,
            4.887843773664673,
            4.9097738077080315,
            4.900547197607697,
            4.891978355704761,
            4.872309877572815,
            4.8883716812550695,
            4.900030877420811,
            4.914006913294558,
            4.9106876889213185,
            4.9099884313312385,
            4.9319291004066255,
            4.947268430001097,
            4.9774895443942375,
            4.991606400964039,
            5.029665571092908,
            5.001637396265249,
            4.99094662249414
        ],
        "acc": [
            51.755675681627515,
            52.23235191543245,
            52.789494802391594,
            53.38087239877774,
            53.747715780643816,
            53.95917258138865,
            54.318579559117715,
            54.62324760162114,
            54.84073759753847,
            55.05486869258307,
            55.23859811285154,
            55.26715729568826,
            55.58570953177624,
            55.68956552796025,
            55.67641905585273,
            55.782898959240626,
            55.798773418684476,
            56.00605843171396,
            55.93349252079354,
            55.9121093056241,
            55.898790020760295,
            55.95402223327772,
            56.002822037928745,
            55.92760685525957,
            55.95718634421708,
            55.725338216362104,
            55.7693980674926,
            55.65379261156249,
            55.835638565769614,
            55.90157775931019
        ]
    }
}