{
    "tr": {
        "qmse": [
            3.407412760020824,
            3.1079370140196234,
            2.940420666352408,
            2.814461051783856,
            2.717150528501211,
            2.6337068903160037,
            2.5583048886131348,
            2.4899824987751704,
            2.43075019905394,
            2.376603838050666,
            2.327010947279349,
            2.2836882665286997,
            2.243697899194229,
            2.206046995186436,
            2.1725277210651144,
            2.1392661614173165,
            2.109402634821486,
            2.07990706513914,
            2.053312563381815,
            2.0269901465587217,
            2.0016157239883805,
            1.9787853150627093,
            1.955478673682536,
            1.932293685509129,
            1.911625422195474,
            1.889761805896591,
            1.8694273708294822,
            1.8498400588848423,
            1.8302504868537812,
            1.8106719293119118,
            1.7939576075744281,
            1.775591965759101,
            1.7577930629814842,
            1.7403173595893278,
            1.7236018138828701,
            1.707129577777553
        ],
        "mse": [
            3.1556162888501706,
            2.807942473319699,
            2.644147954063914,
            2.5227952671427745,
            2.4274722369236628,
            2.346701567312824,
            2.275132093665738,
            2.2107423184237485,
            2.154974958737981,
            2.1036519748177147,
            2.0571539090129605,
            2.0156686384603266,
            1.9779451916696669,
            1.942044402067149,
            1.910335544792217,
            1.8788914056724055,
            1.8509064258611951,
            1.8234104346229254,
            1.7980413858161006,
            1.77337951556559,
            1.749783029131743,
            1.7281684590052486,
            1.7067024829140625,
            1.6852817437236558,
            1.6660386966159373,
            1.646159743871489,
            1.627407663319836,
            1.6094419082875167,
            1.5914128370757379,
            1.5738582148156388,
            1.55804650191658,
            1.5415389246217606,
            1.5256509984818247,
            1.509847460203133,
            1.4946149951308305,
            1.4798309648699834
        ],
        "acc": [
            49.83812831013951,
            49.91515891072381,
            50.630081159044856,
            51.36924317020009,
            52.01249971954122,
            52.63577390318401,
            53.242810699433335,
            53.82950184954513,
            54.37719104446491,
            54.90294073860321,
            55.40633666066187,
            55.85372510451888,
            56.28923460257086,
            56.711138095293535,
            57.10610022156552,
            57.4857411848959,
            57.83629003211525,
            58.18216460014107,
            58.507919351368535,
            58.838955901814465,
            59.14337399048633,
            59.43741096764921,
            59.72514050740741,
            60.01867427176815,
            60.277642878816685,
            60.5560869204893,
            60.827320321502384,
            61.075640728103465,
            61.338468084796084,
            61.58810606194064,
            61.801855406910406,
            62.042775269302325,
            62.28833959407627,
            62.51193002450434,
            62.74973650682809,
            62.96266572376183
        ]
    },
    "vl": {
        "qmse": [
            3.168189926225631,
            3.0139182014543504,
            2.8872116628240367,
            2.8172638321834835,
            2.7314011985486975,
            2.6748464009800896,
            2.618168886242017,
            2.5875747588162867,
            2.545170128671198,
            2.5177297520507227,
            2.4994208164553826,
            2.4666156973995146,
            2.459778856384298,
            2.438495243181948,
            2.4196158224116258,
            2.4073350077769797,
            2.402821051944149,
            2.3957440130046157,
            2.390741949198676,
            2.391355508663615,
            2.379442692128687,
            2.3766961276856926,
            2.381017022445554,
            2.3845433482055456,
            2.389614115972988,
            2.3737204970557833,
            2.3988259578011726,
            2.3826353787724437,
            2.3915472066467576,
            2.391987527003054,
            2.3877681692441306,
            2.390587417805781,
            2.399285965604209,
            2.3951817226540197,
            2.403404253102391,
            2.4175411817806016
        ],
        "mse": [
            2.8911576046318306,
            2.7338385529856866,
            2.6194490761053366,
            2.539385734685783,
            2.4734332483322894,
            2.4189297266996626,
            2.372624864343737,
            2.339515326453037,
            2.2997927160862366,
            2.2844173826806533,
            2.2643497960815013,
            2.235211336873268,
            2.237788781116569,
            2.207933362715883,
            2.20648922262296,
            2.1863881316992755,
            2.1930212668382403,
            2.179858688448296,
            2.1779914026051923,
            2.1813430427853526,
            2.1718779421243513,
            2.173155503846257,
            2.179730509473978,
            2.1768604399727995,
            2.1749037611679953,
            2.1762305664234476,
            2.206526638054457,
            2.193591584924792,
            2.1972152541895382,
            2.203863874810641,
            2.1982535042397964,
            2.200807789961497,
            2.216090497749099,
            2.212212263560686,
            2.2214016604944655,
            2.2392141082899166
        ],
        "acc": [
            49.86682609130776,
            50.455149332356584,
            51.02613564234614,
            51.60383301191643,
            51.88931528010655,
            52.26898479168533,
            52.601571584659844,
            53.09338125863362,
            53.33485046371085,
            53.5349500960991,
            53.76845240755811,
            54.046397692844515,
            54.123521518837556,
            54.444685057212745,
            54.4755359897848,
            54.741728354672915,
            54.67228604470446,
            54.837768064822,
            54.86505270981398,
            54.891656298455,
            54.98843361608318,
            55.01382863098155,
            54.93979066447482,
            55.02320501159449,
            55.10062388057917,
            55.15749096219005,
            54.79941814323592,
            55.01578434731791,
            55.01516292003986,
            54.91892538272618,
            54.98734752499992,
            55.05005964001671,
            54.87901219904749,
            54.978862592105656,
            54.94292984243299,
            54.6144991054561
        ]
    }
}