{
    "tr": {
        "qmse": [
            3.27306358830902,
            2.9047956021858616,
            2.710851458856959,
            2.5699283250086,
            2.4541909395471166,
            2.361609346415271,
            2.2863412963260963,
            2.222824565040707,
            2.167046293158982,
            2.1168690633353617,
            2.071418849793802,
            2.0285284612650423,
            1.990880467869235,
            1.9542565648586907,
            1.919285441343272,
            1.8870309133436933,
            1.8553314158272431,
            1.8261827841894636,
            1.7962262485209153,
            1.7688250217492802,
            1.7410015446985432,
            1.7169186603838242,
            1.6904899797987265,
            1.6663275447090287,
            1.6421841288076566,
            1.6213494203475354
        ],
        "mse": [
            3.0063373855601254,
            2.6139048113717167,
            2.4236013081543932,
            2.2873719005155837,
            2.177403378943041,
            2.088778804225858,
            2.0160196429507344,
            1.9553913872352815,
            1.9020325766258854,
            1.8542411514271795,
            1.811244741829287,
            1.7711234529559572,
            1.7357397878543108,
            1.7018535420076712,
            1.6692965133905193,
            1.6393870769101992,
            1.610493755094261,
            1.5836151053716403,
            1.5566677279980918,
            1.5313855370863778,
            1.5066604013321285,
            1.484550185422338,
            1.4606326625760802,
            1.4392705806589026,
            1.4176837850290749,
            1.3984549524790608
        ],
        "acc": [
            49.819856393992886,
            50.859157641004266,
            52.105926902270255,
            53.18650175684022,
            54.201210515001414,
            55.1082900911796,
            55.89800072419031,
            56.58891320373468,
            57.22380993178607,
            57.80969644817166,
            58.35526813239321,
            58.89503811312026,
            59.35684439622316,
            59.802659026615096,
            60.24975551366444,
            60.66411708995804,
            61.06294505286818,
            61.4248400001097,
            61.8257760295242,
            62.17912249708567,
            62.55229459059561,
            62.86676494012448,
            63.22484145009456,
            63.54195749422802,
            63.87615488749875,
            64.14861912170973
        ]
    },
    "vl": {
        "qmse": [
            3.0231999872160737,
            2.8128518116930143,
            2.6896048706085955,
            2.6144827767148042,
            2.5195970398480774,
            2.471299213464143,
            2.4395705910979726,
            2.3994789602326567,
            2.3812995872210934,
            2.3635420919767496,
            2.353746546747906,
            2.3391113271478745,
            2.3191966561020396,
            2.3283730943997702,
            2.3259305491473508,
            2.3152946227235223,
            2.3168441620680804,
            2.331487751072222,
            2.3418599093546635,
            2.31911071532411,
            2.3432973326881075,
            2.354258214515415,
            2.3311272442666557,
            2.35232273639877,
            2.3516013645083524,
            2.3639286590404196
        ],
        "mse": [
            2.7521142581772935,
            2.545463699460681,
            2.429963451265637,
            2.359095314487082,
            2.2840107024693097,
            2.2389104164363256,
            2.1919993292438527,
            2.161085630700888,
            2.150471303306642,
            2.1287632685541453,
            2.1274241958159568,
            2.1216226200588415,
            2.1020096296169717,
            2.10609935118201,
            2.114048690418077,
            2.100607149262246,
            2.1077776398163675,
            2.1202686666790904,
            2.1394816444871205,
            2.119984989609223,
            2.140678217827948,
            2.1554404760970445,
            2.127924823044428,
            2.1600826021100654,
            2.152549904552314,
            2.1732494440235075
        ],
        "acc": [
            50.291428295641,
            51.48853841212278,
            52.308916768741085,
            52.856877959165416,
            53.48961881763948,
            54.05021788644009,
            54.592717117299145,
            54.820007191655414,
            55.05303554033321,
            55.30271978000474,
            55.40218428184426,
            55.48997115079171,
            55.74548787595145,
            55.824705355805776,
            55.656554944853966,
            55.85786942087236,
            55.87829832659393,
            55.85426268844657,
            55.757899720812105,
            55.978801773219814,
            55.699104803507446,
            55.53294188989316,
            55.92889372116881,
            55.64536725888487,
            55.68178362045132,
            55.47266231208551
        ]
    }
}