{
    "tr": {
        "qmse": [
            3.0654908437853488,
            2.628948619611283,
            2.390557540980779,
            2.23201182043614,
            2.1176404357137595,
            2.0265009819428923,
            1.9482230292885037,
            1.8782644934365902,
            1.815464925237138,
            1.7560123582264457,
            1.7000622549016438,
            1.6481364176505897,
            1.6001250436334253,
            1.5573997155977433,
            1.5136998799100034,
            1.4745105890400394,
            1.4399928247193297,
            1.4057183193964857,
            1.3734922351825567,
            1.3453022619396384,
            1.316890821345343
        ],
        "mse": [
            2.8086729120679337,
            2.362570667078487,
            2.1288297674062586,
            1.9752937188738207,
            1.865811348504768,
            1.7789862815531798,
            1.7052591757294764,
            1.6401219141226124,
            1.5823002204964567,
            1.5282711412579917,
            1.477686816021071,
            1.430834744230877,
            1.3879714648943113,
            1.3495633150081583,
            1.3110019519893423,
            1.2755162635134984,
            1.2447864549096976,
            1.2146792334830714,
            1.1861712839312917,
            1.161654863829165,
            1.136753301858105
        ],
        "acc": [
            50.4433597512464,
            52.73019340816366,
            54.79268506644743,
            56.400363900240556,
            57.68512488498183,
            58.780943738838275,
            59.72524975723353,
            60.597642054495495,
            61.39603989242384,
            62.15474256010122,
            62.86683263151307,
            63.55374865675364,
            64.18425837428111,
            64.78717406264774,
            65.41744409017525,
            65.96271435890615,
            66.4604793635229,
            66.97083786243148,
            67.46967933852417,
            67.902982340001,
            68.34318858444854
        ]
    },
    "vl": {
        "qmse": [
            2.785494611562927,
            2.5781414609789195,
            2.4277161359786987,
            2.3528648715853038,
            2.31188188289684,
            2.2865613008457455,
            2.2745389550761446,
            2.2724126811887397,
            2.2776128353316927,
            2.2682776780076366,
            2.2646730796235506,
            2.277967352033313,
            2.272380032174574,
            2.2836987043990464,
            2.303828610422833,
            2.3075552664167893,
            2.321100519654529,
            2.3140532296211993,
            2.328678267901061,
            2.349562654404041,
            2.3575710735685838
        ],
        "mse": [
            2.531497131279909,
            2.3306308020659485,
            2.21115760855336,
            2.131116600310216,
            2.084699729752671,
            2.0771896575318007,
            2.0605953107766113,
            2.0623470789096396,
            2.075240703228393,
            2.0685031166493566,
            2.0653708994062874,
            2.0778928851820733,
            2.07024215088516,
            2.0956371895602492,
            2.1138402982487703,
            2.118664855188359,
            2.131091262799143,
            2.1228792778129786,
            2.141322846621112,
            2.1557597420254693,
            2.1674817484584663
        ],
        "acc": [
            51.79289560663244,
            53.12645759413151,
            54.31223870789418,
            55.215912218628034,
            55.70319205359683,
            55.9777596202053,
            56.26976149655431,
            56.25106837254405,
            56.340004292016474,
            56.37085514316142,
            56.52196018096528,
            56.44197675699745,
            56.6318870893593,
            56.32711548785694,
            56.358330155330925,
            56.28613187152831,
            56.13799934667316,
            56.3381019918645,
            56.07096151413162,
            55.951777434414204,
            55.693008966458954
        ]
    }
}