{
    "tr": {
        "qmse": [
            6.787536613414513,
            5.748916532666587,
            5.251277486012359,
            4.875400381586683,
            4.611744993184338,
            4.3936975135588785,
            4.213877180650654,
            4.048643107763434,
            3.9065231409017818,
            3.7707350916211926,
            3.646797782706113,
            3.532316701385396,
            3.427311164780034,
            3.328351796415938,
            3.2419315466073755,
            3.1541963762441547,
            3.081682812729276,
            3.0116467320857456,
            2.9406441589576864
        ],
        "mse": [
            6.1679011692358925,
            5.135276324840999,
            4.654603877063219,
            4.2980959560327054,
            4.0491124123869175,
            3.846346310372412,
            3.6819730911237496,
            3.532892636780462,
            3.404638205426546,
            3.2843644269800083,
            3.1748267310399556,
            3.074053814113412,
            2.9811480590834223,
            2.8951303777054282,
            2.8190919358981703,
            2.7431075504868634,
            2.6788861433520066,
            2.617789355645749,
            2.5563909398209033
        ],
        "acc": [
            52.31918124705599,
            54.48782901494418,
            56.29055091256032,
            57.90996871361143,
            59.18335160633888,
            60.27283692244011,
            61.22531264757755,
            62.1179791577715,
            62.91481623241004,
            63.67646021996541,
            64.3983140610446,
            65.08235531858817,
            65.72772213225305,
            66.3529654742374,
            66.91479482972416,
            67.5091169844714,
            67.99560947028455,
            68.49741602842296,
            69.01072529412012
        ]
    },
    "vl": {
        "qmse": [
            6.105914000604973,
            5.74486968035255,
            5.377961118364595,
            5.243204555224851,
            5.087464189268852,
            5.060460031358271,
            4.991233157981289,
            4.963113750916361,
            4.937995441624375,
            4.959902574455803,
            4.975842179496432,
            5.022988979933692,
            4.971137995276946,
            5.001813464477414,
            5.013877044609987,
            5.017144395354015,
            5.036136670842197,
            5.064197774793281,
            5.053388333711468
        ],
        "mse": [
            5.54755755656404,
            5.169115663226185,
            4.864291686177905,
            4.7021349173425975,
            4.598880711800414,
            4.537897483898642,
            4.5077441207698135,
            4.477554082870483,
            4.478165909892223,
            4.498602119299884,
            4.538984304568807,
            4.576692362952102,
            4.546158467485605,
            4.577647295805926,
            4.587469676153256,
            4.584415665089758,
            4.590820971082469,
            4.646205897539692,
            4.634195067843453
        ],
        "acc": [
            53.36227976396436,
            54.59863425441127,
            55.72951627396495,
            56.25141678286381,
            56.91238739451424,
            57.35142297757779,
            57.56818786507747,
            57.79318321760886,
            57.964428640454194,
            57.83360178679065,
            57.75711871887165,
            57.6566280563021,
            57.86222401049619,
            57.723916847197735,
            57.83090229894294,
            57.77573025291735,
            57.75135854880015,
            57.57202394510227,
            57.63968940152497
        ]
    }
}