{
    "tr": {
        "qmse": [
            6.727893338309201,
            5.6281138209722865,
            5.0875471864779716,
            4.669583472246386,
            4.343848489113978,
            4.072577105797159,
            3.8199342781560683,
            3.59602415587032,
            3.3933118333645558,
            3.2069964495809273,
            3.041052046027889,
            2.8915831515289883,
            2.751795198228431,
            2.624064120432049,
            2.508612392087071,
            2.3990045050218525
        ],
        "mse": [
            6.1241220289072125,
            5.047908156014474,
            4.536987398432149,
            4.14900224015402,
            3.8503560202710716,
            3.606455761261241,
            3.384011258835562,
            3.1884390263889233,
            3.01242977411542,
            2.8528683286276824,
            2.7118221486965886,
            2.584906342760548,
            2.46895067766422,
            2.364364116831559,
            2.269504903624102,
            2.182371647442702
        ],
        "acc": [
            52.42632125076716,
            54.865592245416636,
            56.894371021268434,
            58.75606884242046,
            60.34350315693554,
            61.78063637070727,
            63.17616463323307,
            64.47773520542981,
            65.74057563573385,
            66.9608176062441,
            68.11847533907292,
            69.21297553932366,
            70.28174019446674,
            71.30105663164522,
            72.26536150798722,
            73.20155462788362
        ]
    },
    "vl": {
        "qmse": [
            6.046027040221,
            5.669335051312473,
            5.383766922142987,
            5.252191463454825,
            5.145716639815784,
            5.120508492318659,
            5.128947134877815,
            5.139010953772915,
            5.146445740116098,
            5.184330170923244,
            5.215236942624785,
            5.212993791194561,
            5.271822107945635,
            5.3129693869033146,
            5.329736386491953,
            5.374244890577806
        ],
        "mse": [
            5.515415259397747,
            5.154822724113047,
            4.882236526312073,
            4.754647242566927,
            4.704520789000506,
            4.724692007231582,
            4.725679178055518,
            4.770101698369928,
            4.797184208051754,
            4.834543541480935,
            4.882666596949426,
            4.885776506747053,
            4.954586635521852,
            4.99379200752967,
            5.015426270948733,
            5.049102962342768
        ],
        "acc": [
            53.55702720053209,
            54.566772681116404,
            55.58788822811158,
            56.37484167605801,
            56.77620529965625,
            56.76103427273328,
            56.93070378785576,
            56.897819050348524,
            56.87826883271744,
            56.788419520920094,
            56.63147266608119,
            56.6560200084754,
            56.422119021741416,
            56.314650234954605,
            56.19678779052255,
            56.08536668651091
        ]
    }
}