{
    "tr": {
        "qmse": [
            3.260995815242905,
            2.87221005853278,
            2.672471432872762,
            2.5210240059658156,
            2.4006853983489913,
            2.303938338366079,
            2.2223190212278734,
            2.1512365733841854,
            2.0884783718586695,
            2.0332282690319454,
            1.9807815298198097,
            1.9334018024330406,
            1.8879697282638133,
            1.844208693728915,
            1.8037555785716686,
            1.7638008400358642,
            1.7264871584249826,
            1.689740927376598,
            1.655516009785708,
            1.6228395552303392,
            1.5901697504596484,
            1.5602999635468642
        ],
        "mse": [
            2.9966344807293597,
            2.589864707942141,
            2.396576632376827,
            2.252539152470232,
            2.138885936234288,
            2.0469838162027787,
            1.969959602570396,
            1.9031171011222021,
            1.844280159897226,
            1.7919322684411763,
            1.7437034550498445,
            1.699672305920826,
            1.6580966562168535,
            1.6182019616723677,
            1.5810185867542554,
            1.5454574931685738,
            1.511628567031436,
            1.4796127501826488,
            1.4488430087669972,
            1.419031386859364,
            1.390710053057049,
            1.364076092264204
        ],
        "acc": [
            49.868222169150194,
            51.036528241884305,
            52.3338116327342,
            53.52130097862581,
            54.586845530416056,
            55.54846784547628,
            56.42010165688043,
            57.20178140799929,
            57.92300969733543,
            58.58836475566179,
            59.21344911027049,
            59.79714205257076,
            60.35999105498987,
            60.9283841858878,
            61.44145724440882,
            61.963819367151714,
            62.471376710371274,
            62.96033333116518,
            63.424792546191426,
            63.880268901142806,
            64.33365147043527,
            64.76632648056237
        ]
    },
    "vl": {
        "qmse": [
            3.012014845029904,
            2.7942452479581363,
            2.6620469581885415,
            2.59737921054246,
            2.493852581157059,
            2.4423738060101785,
            2.408164176784578,
            2.3808670858216416,
            2.3774599768424944,
            2.3553206982508383,
            2.342729478911624,
            2.3322314994582714,
            2.353022238270181,
            2.3520905075828886,
            2.3461159852033107,
            2.3597909573648796,
            2.3667891735587614,
            2.3591500185226484,
            2.360185994802277,
            2.379125169717549,
            2.3763914313472685,
            2.3832934313133114
        ],
        "mse": [
            2.73921270122945,
            2.5319250050138256,
            2.4137001522903234,
            2.33335597007001,
            2.262049418980958,
            2.237488645999158,
            2.194490868862861,
            2.1651254338644894,
            2.1637074435994923,
            2.1496248492777674,
            2.138349288148307,
            2.137162973646258,
            2.1681083694833223,
            2.1637276740022044,
            2.1632186679240784,
            2.18275326750969,
            2.196034067966899,
            2.194264069932406,
            2.186804035973679,
            2.219678242349885,
            2.2085629542017244,
            2.2168335204567415
        ],
        "acc": [
            50.474388669423064,
            51.68892033601719,
            52.320584801376846,
            53.19453125280109,
            53.79022822354009,
            54.08562657937326,
            54.57657293869498,
            54.85011721895041,
            55.091881499590116,
            55.253493158869404,
            55.398963497636096,
            55.538623450232336,
            55.327866881922944,
            55.388008196497225,
            55.456872927686554,
            55.292257316451256,
            55.24211386676694,
            55.25897392809717,
            55.34640618197905,
            55.11950206398313,
            55.28892680106919,
            55.41825298565984
        ]
    }
}