{
    "tr": {
        "qmse": [
            7.588803129767038,
            6.869802298642915,
            6.416701208454828,
            6.106070871014104,
            5.877170024762868,
            5.685102589983087,
            5.5141639405201,
            5.359237228255618,
            5.217171048871727,
            5.088242001245175,
            4.973000617999503,
            4.869272424036592,
            4.766126169617942,
            4.676229423174051,
            4.589698551853751,
            4.510751582177277,
            4.431202723385171,
            4.358066775160552,
            4.286374451359946,
            4.219509407004047,
            4.15568182548829,
            4.091537420382365,
            4.033242170226063,
            3.9743838543516636,
            3.9195044501434158,
            3.865476302338458,
            3.8130169062584014,
            3.7603399974529736,
            3.713494367709605,
            3.6665048561571436,
            3.6181287983564285,
            3.5748326541514643,
            3.532759518508888
        ],
        "mse": [
            6.979484247168811,
            6.160114368165166,
            5.732400275189549,
            5.443049832920432,
            5.230298587088526,
            5.052153827860811,
            4.893365534414675,
            4.750051404016426,
            4.6182950939751075,
            4.4996186173530885,
            4.393131747719583,
            4.296372862291061,
            4.201759303460111,
            4.117489461948066,
            4.038414091080092,
            3.9656571352311594,
            3.8931906781128496,
            3.8278897948918535,
            3.7630064219408434,
            3.702497808594937,
            3.645606648411225,
            3.5888087203241126,
            3.536614523945301,
            3.484516976126709,
            3.4357575178508593,
            3.38838445158651,
            3.3415099561703454,
            3.2965424099217717,
            3.254925517896793,
            3.213518660541582,
            3.1721565085897616,
            3.133413787961767,
            3.09719469003205
        ],
        "acc": [
            51.69020020755291,
            51.88792580186832,
            52.673003796529926,
            53.39281610879663,
            54.025557419877764,
            54.633917609488336,
            55.20196533500152,
            55.776314668762616,
            56.34126336115973,
            56.87787598550808,
            57.38160535579972,
            57.8546913425019,
            58.33973575601894,
            58.77332953615632,
            59.198241916988,
            59.59880047024148,
            60.002758455146086,
            60.38296087394547,
            60.75587896038717,
            61.112436180381344,
            61.46004608212833,
            61.81265081145125,
            62.14552114380054,
            62.468880565287456,
            62.78871593233374,
            63.092381443089174,
            63.41096459823117,
            63.71176483347872,
            63.9993804524786,
            64.28252360589669,
            64.59333334277734,
            64.86294653885852,
            65.12385691889367
        ]
    },
    "vl": {
        "qmse": [
            7.090782235880367,
            6.632971104376955,
            6.365127725679367,
            6.131376448876219,
            6.005363581610507,
            5.902393417931646,
            5.795499042735074,
            5.7222126162117295,
            5.598245741239662,
            5.550825803006282,
            5.509974112927588,
            5.479717501525671,
            5.386058939610674,
            5.393425267250811,
            5.336896513329178,
            5.33231335910943,
            5.311358016696784,
            5.301993895749577,
            5.283191004737478,
            5.313930680191582,
            5.269932690213938,
            5.273001225919671,
            5.257742415360414,
            5.289167259560257,
            5.281056129215845,
            5.295142700111931,
            5.312896240604379,
            5.295985780127062,
            5.309119128790058,
            5.318482363158888,
            5.323607220024359,
            5.32643151934681,
            5.3441596011646455
        ],
        "mse": [
            6.424753230777594,
            5.987767558931653,
            5.704289343839135,
            5.530442958321077,
            5.4520511308002995,
            5.323482865844268,
            5.2243178255571046,
            5.162483209469279,
            5.074331177388384,
            5.015697888337849,
            4.986893247385494,
            4.9676619859341065,
            4.898567501313048,
            4.896464850733189,
            4.866908763275772,
            4.881920469263212,
            4.841781261840153,
            4.845895145108791,
            4.841906049863888,
            4.869000775566518,
            4.839010526573723,
            4.853226378967202,
            4.839585084732764,
            4.879215008574105,
            4.882600833809441,
            4.905406264659486,
            4.927781069213576,
            4.891034889742325,
            4.933040047603878,
            4.9299063617414465,
            4.965305229353774,
            4.964022207129848,
            4.983088703754821
        ],
        "acc": [
            51.6395493364725,
            52.23533713915309,
            52.8319161364941,
            53.21578267004972,
            53.42024560671687,
            53.83695302928081,
            54.232258484011794,
            54.43960923314746,
            54.719321739152484,
            55.00545051417064,
            55.20497887023811,
            55.340567475459615,
            55.60037207896592,
            55.738126572038304,
            55.713896388238894,
            55.74188421332771,
            55.93385031965912,
            55.984248163921585,
            55.94988150186226,
            55.94021018411292,
            56.06684305303084,
            56.024826778088766,
            56.201311107215986,
            56.08401055870161,
            56.0352797635266,
            56.02723426831876,
            55.92905079406467,
            56.10452743013048,
            55.92489152169618,
            56.032894160903865,
            55.84229965353273,
            55.83892826988397,
            55.84940013012599
        ]
    }
}