{
    "tr": {
        "qmse": [
            7.2465058043893436,
            6.23415131845651,
            5.757114924619495,
            5.425692186352693,
            5.13611797821337,
            4.894394610580866,
            4.6837413244354655,
            4.5004463155955685,
            4.332665831294331,
            4.178643267265535,
            4.036422802155157,
            3.90574768776953,
            3.7817959005946413,
            3.6639566854733676,
            3.552945042989494,
            3.4506379385119113,
            3.352874300103896,
            3.259553970083644,
            3.171182887527364,
            3.0874244102552213
        ],
        "mse": [
            6.614837464500944,
            5.589387106482507,
            5.148066145857212,
            4.839909148556742,
            4.5738951791133315,
            4.351608618310577,
            4.15985730954196,
            3.9934246382862555,
            3.842288256778213,
            3.7052548514134034,
            3.580218360330587,
            3.464614075536389,
            3.3556027381987383,
            3.25382401218026,
            3.157420655508166,
            3.0686296180040054,
            2.9845287189842975,
            2.9046999910471105,
            2.8289595432681396,
            2.7574502282213635
        ],
        "acc": [
            51.76943858881121,
            53.098974913240966,
            54.40194609859945,
            55.51744227585406,
            56.642819696992625,
            57.67068096440239,
            58.628724601920055,
            59.519736640397554,
            60.34981534496262,
            61.15368857133066,
            61.92732072825564,
            62.63438642332888,
            63.349327489403166,
            64.04856170647342,
            64.73589311686376,
            65.37995082163513,
            66.02043571062126,
            66.64312830887026,
            67.26718107026169,
            67.8549868236085
        ]
    },
    "vl": {
        "qmse": [
            6.643109789962977,
            6.08587476790277,
            5.886905909887428,
            5.734850024916435,
            5.492612199053738,
            5.492966135342916,
            5.32495196595218,
            5.365413545910778,
            5.286688454164182,
            5.259711934569103,
            5.280044261223631,
            5.268206694087044,
            5.286991737579387,
            5.286365901186167,
            5.314970310919923,
            5.340142757514787,
            5.368504980874192,
            5.3784861916401345,
            5.357123604889124,
            5.396460919432301
        ],
        "mse": [
            5.9930159205296,
            5.529949778416118,
            5.333107968497146,
            5.172883935313407,
            5.027691576650234,
            5.021905125816012,
            4.8961943537811115,
            4.8968799654903306,
            4.8389818225402,
            4.853363513946533,
            4.8689262788803855,
            4.901218881372546,
            4.954701428204937,
            4.9361727139988885,
            4.974200659110898,
            5.026885134274842,
            5.062645783841284,
            5.041122979153701,
            5.061418890953064,
            5.102331306113571
        ],
        "acc": [
            52.29817186711264,
            53.36226391824868,
            53.92248322729205,
            54.51555260217906,
            54.983656149092916,
            55.163857104674065,
            55.76960199354776,
            55.78235300675116,
            56.05947262113863,
            56.096105407821675,
            56.175015231624975,
            56.11733185137556,
            55.86482569819591,
            56.11447850700284,
            55.94686485541974,
            55.72115372601754,
            55.71858905703644,
            55.83712642635804,
            55.73888320903309,
            55.64029142667687
        ]
    }
}