{
    "tr": {
        "qmse": [
            3.4001555686227385,
            3.0935236090622715,
            2.9217999282849663,
            2.7933474842518957,
            2.693572532801018,
            2.608437226920532,
            2.530562832883628,
            2.46023234506756,
            2.3969889703908254,
            2.34112667026798,
            2.2892158164039134,
            2.2421358218855207,
            2.1986401193375937,
            2.1581651742463417,
            2.1210845787450556,
            2.084646007059121,
            2.0507916432316633,
            2.019980246373782,
            1.9882742745359774,
            1.9598807144657668,
            1.931039665035838,
            1.9050683380803306,
            1.87846324861104,
            1.8525918379122637,
            1.8282596857052957,
            1.8037220720678286,
            1.7819762605187814,
            1.7569736221285077,
            1.7358298993190346
        ],
        "mse": [
            3.1493781928558255,
            2.7993032467904984,
            2.6322539619890906,
            2.51019923167546,
            2.4145218951837593,
            2.3333527479661487,
            2.2604090977280165,
            2.19530517360933,
            2.1363481536385356,
            2.084378243796697,
            2.0356442085771493,
            1.991797682834012,
            1.9511627217115728,
            1.9131250893298126,
            1.8780796521342442,
            1.8441021473564951,
            1.8125534370944552,
            1.7835287406646674,
            1.7544869789052828,
            1.7277180237162986,
            1.7013956092114653,
            1.6772461365291464,
            1.6528507086398283,
            1.6291785617615089,
            1.606978346532835,
            1.584732869482084,
            1.5648884549397388,
            1.542766396595837,
            1.523365985039555
        ],
        "acc": [
            49.83129384614747,
            49.93580948415407,
            50.689445210061,
            51.44296577548372,
            52.10830082160946,
            52.73484499466814,
            53.37443619251106,
            53.9819370184362,
            54.564590240024714,
            55.12275907523144,
            55.65018589211901,
            56.147447522742084,
            56.62707359694449,
            57.07112678420902,
            57.506231416217176,
            57.930475636406605,
            58.32780451442796,
            58.70044367974813,
            59.0875351331184,
            59.445818073298206,
            59.80010703319259,
            60.129638610730886,
            60.47093047084362,
            60.808304128803336,
            61.12037326238395,
            61.444360591908136,
            61.72473461241825,
            62.06763360464837,
            62.3496538978404
        ]
    },
    "vl": {
        "qmse": [
            3.1558873415644704,
            3.0035937161393504,
            2.865504560249099,
            2.8009071558551057,
            2.728188377586219,
            2.6534145751286076,
            2.618566111137307,
            2.5668711626464553,
            2.5364680466104725,
            2.5179153644973464,
            2.4871540620027344,
            2.472223806576651,
            2.458126969350492,
            2.434271125519862,
            2.4194336605202307,
            2.4196687353764728,
            2.4220667357653216,
            2.4075534154808587,
            2.3927668964927964,
            2.406994891622679,
            2.3972865010871263,
            2.4018880822619453,
            2.4015011360736493,
            2.3993656215120533,
            2.407711343035672,
            2.4059472699634363,
            2.4080402694764684,
            2.406652979186324,
            2.420439907761871
        ],
        "mse": [
            2.8873573707752542,
            2.723686213376092,
            2.604877111038875,
            2.536860048119488,
            2.476381329890809,
            2.4238428753581855,
            2.3798786584145386,
            2.3480308254559836,
            2.3182338733490697,
            2.2989979396100906,
            2.2827860572950436,
            2.2515838729227826,
            2.257280501511579,
            2.2278981042689963,
            2.2193237888357027,
            2.2151984927432786,
            2.2330528882031886,
            2.225731220075993,
            2.211787611408963,
            2.2234573084148552,
            2.219762099245207,
            2.220075571471876,
            2.2246537596150175,
            2.2280751812002046,
            2.233087511336217,
            2.235553630714208,
            2.247053773025346,
            2.24569955321609,
            2.255393088515339
        ],
        "acc": [
            49.90614918086047,
            50.41657650405592,
            51.05983342955021,
            51.58914535260591,
            51.929460636904984,
            52.20769447544233,
            52.72226857194484,
            52.90005884535326,
            53.24046201393252,
            53.37942837040281,
            53.71483102685115,
            53.96594658412569,
            53.986457169381644,
            54.28389603160118,
            54.41778636858111,
            54.50607895688281,
            54.30251379482082,
            54.4502820392124,
            54.61163298516977,
            54.571788981964026,
            54.67813730728431,
            54.66651334300067,
            54.72483721261467,
            54.727925873193584,
            54.64796765091641,
            54.67528064068549,
            54.57832448469485,
            54.72175474049615,
            54.457065829488094
        ]
    }
}