{
    "tr": {
        "qmse": [
            3.092007488003258,
            2.6793746670050957,
            2.45873575795932,
            2.3165598489056602,
            2.2183874957795493,
            2.140122174238659,
            2.0781702199485013,
            2.023328525068839,
            1.9772242451105317,
            1.935637725446406,
            1.895158155969268,
            1.8594561154195437,
            1.8277698005814207,
            1.7935323384495645,
            1.762852872841556,
            1.734094666913084,
            1.705695436160929,
            1.6785416161532245,
            1.6528126407415806,
            1.6295177325475039,
            1.6040442851277261,
            1.5838806174946787,
            1.5618036099749473
        ],
        "mse": [
            2.8285539375543958,
            2.402180779092546,
            2.1827557909202517,
            2.0426883624701904,
            1.9467928603006257,
            1.871333426669969,
            1.812367982250041,
            1.7604516272268118,
            1.716557852984996,
            1.677629001341269,
            1.6402936592467177,
            1.607712147048236,
            1.5779975060089422,
            1.5469954145313287,
            1.5184890815314098,
            1.4923943516259786,
            1.4665279127623454,
            1.4417382637369927,
            1.4184524795633071,
            1.3972599025701398,
            1.3741553924758179,
            1.3558461536791722,
            1.3359366271025648
        ],
        "acc": [
            50.326400115945646,
            52.410412573662256,
            54.254790590875096,
            55.657116530405936,
            56.75190865576938,
            57.63175373235324,
            58.353202884880396,
            59.0246814031146,
            59.58757668561538,
            60.09836841484436,
            60.608256928140506,
            61.02264461021806,
            61.42253734101209,
            61.83854876155731,
            62.21928413571358,
            62.59379512413915,
            62.931052532213435,
            63.29258890798192,
            63.61534298462406,
            63.90753307990193,
            64.23775662915101,
            64.4867607722055,
            64.79020076332684
        ]
    },
    "vl": {
        "qmse": [
            2.8303746278168727,
            2.605040949550483,
            2.5188992124437632,
            2.41432355499007,
            2.3494795495695104,
            2.325753213929348,
            2.2869119383598284,
            2.2889917691548667,
            2.2735197231417796,
            2.259967675625952,
            2.2488269193576333,
            2.270812453467989,
            2.2438071353839395,
            2.262183684468921,
            2.2744374913596066,
            2.269336527488271,
            2.2688541314640984,
            2.2704100667453204,
            2.272905094376027,
            2.2934295307091674,
            2.308455638221053,
            2.2965103361775965,
            2.3073855693874465
        ],
        "mse": [
            2.5543116624238063,
            2.3589071530461965,
            2.266474751175427,
            2.1763014438373793,
            2.0936643057833604,
            2.0965625728414357,
            2.0544456324942124,
            2.0459984335743013,
            2.038587856162441,
            2.0236317215721464,
            2.0182217659194612,
            2.0427808611770795,
            2.01796550926615,
            2.032198673388997,
            2.041733414748979,
            2.051019126600255,
            2.0465580951320668,
            2.0501506660805373,
            2.056220422677004,
            2.076974162312805,
            2.091827047978594,
            2.076145848289865,
            2.093376419583305
        ],
        "acc": [
            51.69629103661887,
            53.0151024053657,
            53.6614104291129,
            54.732709903208935,
            55.516753740649406,
            55.683227722110644,
            56.16290794858516,
            56.31436767473898,
            56.36148811038075,
            56.61047220718665,
            56.89201490149472,
            56.63595830645066,
            56.79016175980125,
            56.719796481679694,
            56.80230675173588,
            56.60651078641089,
            56.7162147636622,
            56.856154312527245,
            56.77091608770558,
            56.587959044292326,
            56.34227074234863,
            56.618954176134096,
            56.40880323824335
        ]
    }
}