{
    "tr": {
        "qmse": [
            7.263612281077179,
            6.275208838476449,
            5.7981671052513715,
            5.475884551590462,
            5.197648388750464,
            4.9655457823807545,
            4.764155052020462,
            4.5947741743497525,
            4.436689487527983,
            4.297797466476287,
            4.165898894003118,
            4.047896882387252,
            3.9321696225794858,
            3.828179540477673,
            3.7249145755576567,
            3.631147943126942,
            3.5405310825242418,
            3.4540597088465175,
            3.374047939772303,
            3.3001012774594685,
            3.2251096259348664,
            3.1556345329064435
        ],
        "mse": [
            6.624424207033049,
            5.614910443189187,
            5.175119030986358,
            4.8727348781725945,
            4.614762606065855,
            4.398905326805011,
            4.214320930656565,
            4.058349142100665,
            3.915382304911699,
            3.790357305227678,
            3.6711306950126654,
            3.5670741876545957,
            3.4653664864656304,
            3.3728252506227125,
            3.282647128526797,
            3.2002793852227396,
            3.1213268537501078,
            3.04641753719484,
            2.976690757676701,
            2.9119079194870157,
            2.8474217169699934,
            2.7880101771892223
        ],
        "acc": [
            51.75035957759798,
            53.01920599721551,
            54.291072026895776,
            55.34705451486756,
            56.420993118509266,
            57.40138943055523,
            58.30463178249812,
            59.12723740485257,
            59.905730087827386,
            60.61105451950437,
            61.308613956536036,
            61.95954877857161,
            62.590046676594014,
            63.18992616303675,
            63.7955052988104,
            64.35814300810664,
            64.9206999278438,
            65.47587170712457,
            65.9926254892016,
            66.4808355124661,
            66.98773045447126,
            67.47481773523384
        ]
    },
    "vl": {
        "qmse": [
            6.634973298005067,
            6.125434573230848,
            5.917769442490541,
            5.6984361924760325,
            5.516780521700291,
            5.42097623230981,
            5.348583768625728,
            5.308404739437208,
            5.25866441974223,
            5.2200405141694945,
            5.208471840848037,
            5.186888775538877,
            5.2416733281859935,
            5.224078592055482,
            5.212571175372014,
            5.2222117439645235,
            5.249169143822675,
            5.244072291368995,
            5.291390865226912,
            5.303391164117824,
            5.299635027927128,
            5.336638227186568
        ],
        "mse": [
            6.0113634125131075,
            5.54430133592887,
            5.3194855164960435,
            5.144991059772304,
            4.996362745436163,
            4.905771052902513,
            4.842519351042034,
            4.796943073064251,
            4.805225113701951,
            4.80103735650172,
            4.785246140969907,
            4.792936571960241,
            4.817800087355525,
            4.827077477356124,
            4.822664245230253,
            4.85567774733559,
            4.8914232104202435,
            4.872949687509589,
            4.947664455637906,
            4.957780638679129,
            4.956733484085792,
            4.998261374202582
        ],
        "acc": [
            52.17606869877362,
            53.27502941010428,
            53.99107161929699,
            54.42076544455492,
            55.11172671949929,
            55.558754454870694,
            55.85282176244454,
            56.194012795315416,
            56.093810938420845,
            56.27026375525636,
            56.38028177244416,
            56.325743465475696,
            56.37965073676708,
            56.38301570395954,
            56.44988407854174,
            56.316025025857606,
            56.30968731772053,
            56.42189932325498,
            56.093295757236376,
            56.06620271023505,
            56.10265657712853,
            55.9946760372386
        ]
    }
}