{
    "tr": {
        "qmse": [
            6.755249570112249,
            5.675273915838232,
            5.158163298592673,
            4.768983521891814,
            4.481828348718491,
            4.245055853360621,
            4.040450642877565,
            3.8523951428742875,
            3.68487675296467,
            3.531012719759134,
            3.389416658780525,
            3.2602489324950477,
            3.143099637351765,
            3.0339639721507905,
            2.935496722047215,
            2.8440439328709766,
            2.762622750953714,
            2.6875259215547045,
            2.618042520026384
        ],
        "mse": [
            6.143420673365725,
            5.078873294858141,
            4.583374910606725,
            4.216978979777218,
            3.949847241224615,
            3.7327784748651163,
            3.5487142355381915,
            3.381411218817058,
            3.2329974535278767,
            3.0978657171306767,
            2.9742669973718256,
            2.8613144625504665,
            2.7606112148507465,
            2.666697603197889,
            2.5824996999099024,
            2.505331810250249,
            2.435795140969141,
            2.372344973093831,
            2.3134508350995926
        ],
        "acc": [
            52.391407120122764,
            54.727205897638115,
            56.639880780498515,
            58.35534293975413,
            59.74182664207034,
            60.958974273036006,
            62.06073384087921,
            63.10742249680087,
            64.07610959138815,
            64.99092340904033,
            65.87950567893436,
            66.72614229120262,
            67.50892231943251,
            68.27527011502156,
            68.99032871508011,
            69.65853603767863,
            70.29901743478523,
            70.8686154216881,
            71.42564710314532
        ]
    },
    "vl": {
        "qmse": [
            6.0867285376689475,
            5.651384380345788,
            5.365484797238,
            5.200958705339276,
            5.123575493937633,
            5.040658750169264,
            5.068167188779904,
            5.038849657350551,
            5.002286097391056,
            5.034705790665631,
            5.0441959047578075,
            5.094592125689397,
            5.062328145152232,
            5.120286750011757,
            5.128417476278837,
            5.117533854448078,
            5.152107470022525,
            5.168853808621892,
            5.1858014819400555
        ],
        "mse": [
            5.500151083769043,
            5.158516937266282,
            4.845179761042361,
            4.693224671759892,
            4.6043873790834775,
            4.572522745757807,
            4.593350032639634,
            4.609060039285754,
            4.572973184246835,
            4.625294443688106,
            4.642762563919109,
            4.700507978272569,
            4.671973171781321,
            4.7342375425693115,
            4.747063495422322,
            4.741717470799639,
            4.765738743901904,
            4.8089325884000855,
            4.816109271648803
        ],
        "acc": [
            53.541874812274685,
            54.5533721564246,
            55.76240723250342,
            56.54867673343648,
            57.14820638054707,
            57.30542954199952,
            57.41736221183193,
            57.53559508447439,
            57.71893194464386,
            57.519287440946194,
            57.51003365699059,
            57.24711183641778,
            57.45018112366317,
            57.248759953702084,
            57.23759128096325,
            57.2470461817387,
            57.11868963117808,
            57.035033681679295,
            57.07042981855205
        ]
    }
}