{
    "tr": {
        "qmse": [
            7.587682539842223,
            6.845551505272818,
            6.367347451119899,
            6.048408422670042,
            5.80774772337453,
            5.605995518137568,
            5.427321679321911,
            5.2604969468605045,
            5.109688626999045,
            4.971107552747747,
            4.848548815990067,
            4.731899379126318,
            4.624076758282991,
            4.523962575010672,
            4.427444204737879,
            4.338874102001022,
            4.252382885754127,
            4.170961519824955,
            4.093068701631934,
            4.017496205433927,
            3.9447214016614445,
            3.8768320906600557,
            3.8085258007774017,
            3.745113401346314,
            3.6811504008305613,
            3.6216733959879566,
            3.5627986290142624,
            3.506164366552005,
            3.4533286215649737,
            3.3996275675329386,
            3.3482880765491254
        ],
        "mse": [
            6.982520312967361,
            6.144289216963363,
            5.699246686629994,
            5.40635306521485,
            5.185327142178197,
            5.001277427186505,
            4.837242006784658,
            4.685019201292016,
            4.546837234815831,
            4.420987212668796,
            4.309720045742892,
            4.2035359803828305,
            4.105906276056666,
            4.015027177257764,
            3.9290165056468,
            3.849490127024481,
            3.7723859718453734,
            3.699527623406372,
            3.630748539918536,
            3.564178957978269,
            3.499943954681633,
            3.440795013876318,
            3.3815875742363732,
            3.325705709663143,
            3.270454719123852,
            3.218231254491861,
            3.1681475266972705,
            3.119491148197843,
            3.072904838902796,
            3.0271016145976835,
            2.982777558862529
        ],
        "acc": [
            51.68356523076222,
            51.928055365192094,
            52.76885353497407,
            53.54138179522305,
            54.22806284939109,
            54.856275869191,
            55.47707288941146,
            56.11510084813506,
            56.72205566852805,
            57.306913018625075,
            57.840671065874425,
            58.38035195115054,
            58.88802085158963,
            59.383829708194995,
            59.87129200921164,
            60.320222274542076,
            60.76315380055576,
            61.20362352977151,
            61.618029000874316,
            62.03238715048946,
            62.444880426346586,
            62.834141689823305,
            63.234183877769915,
            63.60937500028978,
            63.99172106183289,
            64.35682541764061,
            64.72419103348882,
            65.08028170179357,
            65.42298005946462,
            65.77096979004457,
            66.11088357120978
        ]
    },
    "vl": {
        "qmse": [
            7.088221977317268,
            6.642054202126675,
            6.335009415944417,
            6.11667032189708,
            5.970676832511777,
            5.845395290786452,
            5.7701265772835155,
            5.687626585282914,
            5.582327691583686,
            5.518909624365509,
            5.489019622568224,
            5.466822398164885,
            5.409243845548786,
            5.4145787791476225,
            5.412948945180966,
            5.379689847185312,
            5.367657813869539,
            5.354674129538197,
            5.368107893427864,
            5.358252446508147,
            5.3516131470112205,
            5.35510217948038,
            5.3820150615087625,
            5.395739369053659,
            5.374796414635872,
            5.4049334239438585,
            5.418540901825076,
            5.423027365585494,
            5.422382409455346,
            5.452757821057012,
            5.480138948054913
        ],
        "mse": [
            6.415533822742316,
            5.979050197236525,
            5.703184303038759,
            5.531468618762949,
            5.408314833875562,
            5.306431385988746,
            5.236457051475192,
            5.145842668137264,
            5.101290883262301,
            5.047769588850886,
            5.039259835019138,
            5.013524621562228,
            4.995423106547913,
            4.992741790625567,
            4.969450103780611,
            4.953681474826375,
            4.975716160946205,
            4.971778105516902,
            4.969150180373687,
            4.9676850519545095,
            4.988571091427829,
            4.995990132373539,
            5.045794137188645,
            5.065633869561993,
            5.041596352076922,
            5.075492490184763,
            5.1001767193684815,
            5.11918431943883,
            5.097243548742409,
            5.1613493740884335,
            5.197034121211109
        ],
        "acc": [
            51.75251764515058,
            52.28243876513236,
            52.85582005814776,
            53.3439194406968,
            53.60832259140379,
            53.90112171244751,
            54.24359056467567,
            54.539111395025515,
            54.706963115051146,
            54.89432464043299,
            54.932052857888856,
            55.13100993763554,
            55.282287723054,
            55.277685674487564,
            55.406029457277285,
            55.59097368046234,
            55.53428213127324,
            55.55976818168098,
            55.59003515973117,
            55.65779814140393,
            55.61255470651095,
            55.645323402243235,
            55.494695494735176,
            55.41321171111748,
            55.60924616016325,
            55.45049119191091,
            55.41478112909963,
            55.403995416203486,
            55.579619736619335,
            55.31482405838419,
            55.148808397556266
        ]
    }
}