{
    "tr": {
        "qmse": [
            7.287404030805951,
            6.316434160259783,
            5.839951836856366,
            5.520728721838887,
            5.252183469223491,
            5.027136113715367,
            4.838651556839736,
            4.676173854837733,
            4.529783084956899,
            4.398673481507998,
            4.275124313982741,
            4.163699051631833,
            4.054778338492876,
            3.960888156844504,
            3.86290249640512,
            3.775405199757393,
            3.6876754575281367,
            3.6085876780996493,
            3.5379018973376897,
            3.464989449832259,
            3.3979153321601454,
            3.334909225154959,
            3.2755521970909443
        ],
        "mse": [
            6.647150501731101,
            5.64429317597233,
            5.201061086211296,
            4.900910909108498,
            4.6492981952724035,
            4.4401038829695665,
            4.263637366247047,
            4.113087820448944,
            3.978713172867971,
            3.8588199945106147,
            3.747822901065934,
            3.6468571751576286,
            3.550443617705696,
            3.466468877467802,
            3.3801280975486687,
            3.303141657467926,
            3.226522154085037,
            3.1584018580785314,
            3.0946046431641996,
            3.032227470461122,
            2.972981486556668,
            2.918150843837927,
            2.8673242840930633
        ],
        "acc": [
            51.72153923765789,
            52.921377623635415,
            54.17019666527151,
            55.22205807524443,
            56.23383497039948,
            57.180094659165455,
            58.028304017231264,
            58.805208570578294,
            59.516443986365296,
            60.19116533233633,
            60.82760631150657,
            61.41239605533863,
            62.014648130837635,
            62.54593255091713,
            63.0953143810074,
            63.619912739257906,
            64.12979523413307,
            64.60596963794931,
            65.05048096053183,
            65.52562383995415,
            65.94205080865184,
            66.35823909253271,
            66.76792177122366
        ]
    },
    "vl": {
        "qmse": [
            6.712011912481381,
            6.15530501558481,
            5.902090563800166,
            5.710249544492836,
            5.502782153952968,
            5.440837355259338,
            5.333998072342794,
            5.258725253610663,
            5.234466864111645,
            5.225509913241277,
            5.177414722781363,
            5.189504401931345,
            5.143652562886639,
            5.153514875088884,
            5.186911220107573,
            5.178429550160476,
            5.20008093672372,
            5.1856798044319365,
            5.21335120474706,
            5.2172590832892665,
            5.239136409889805,
            5.26310551687668,
            5.250641077594027
        ],
        "mse": [
            6.050615176477067,
            5.556742511160387,
            5.334472944176262,
            5.1239350519545095,
            4.989900658690864,
            4.916069835912986,
            4.814520496488269,
            4.781746564667081,
            4.745235073110445,
            4.762523561878934,
            4.718491084588681,
            4.704738673616628,
            4.707737433454378,
            4.717621136884221,
            4.7554319595378605,
            4.771978952845589,
            4.801574226937007,
            4.775156535086085,
            4.82093341103017,
            4.825693395619836,
            4.8538818730682625,
            4.88723070178527,
            4.870225028913529
        ],
        "acc": [
            52.21375282344923,
            53.255143452211804,
            53.817296345702935,
            54.641542058499134,
            55.061859454287855,
            55.518816045073216,
            55.97639103404811,
            56.084070204059934,
            56.3780812210724,
            56.34748170284626,
            56.61439617963436,
            56.71887986484121,
            56.71733871835177,
            56.77721308228748,
            56.75376732655562,
            56.54485010709919,
            56.56893605905804,
            56.74737930460706,
            56.45738337697878,
            56.61225205725008,
            56.44129877859126,
            56.35765216063932,
            56.56500928551773
        ]
    }
}