{
    "tr": {
        "qmse": [
            3.040522410202374,
            2.570945967225382,
            2.3163214685416302,
            2.135589625436243,
            1.994480152761853,
            1.8752301514456606,
            1.7653885516523409,
            1.6639581543085822,
            1.5702149703197659,
            1.4841544542657463,
            1.406935618590961,
            1.3357693656387029,
            1.2692003259902231,
            1.2111602254060219,
            1.1549045715568205,
            1.104340498261233
        ],
        "mse": [
            2.789894906121958,
            2.320401544050763,
            2.0746025324085133,
            1.9031982602989084,
            1.772031802676145,
            1.6625263700728647,
            1.564229223982464,
            1.4741154704474997,
            1.3918903483260696,
            1.317243431375875,
            1.2511189351578824,
            1.190298862983955,
            1.1352279849488551,
            1.0868300472809818,
            1.0410779813110411,
            1.0004577921792317
        ],
        "acc": [
            50.55650567544771,
            53.09885977267929,
            55.38991519253655,
            57.2982150491919,
            58.90136095065543,
            60.34059151078893,
            61.71997850769307,
            63.04027200723194,
            64.31562169385658,
            65.54600021752931,
            66.71566511678391,
            67.83079209569667,
            68.92638658542685,
            69.91532422314658,
            70.89536567293594,
            71.80459612736547
        ]
    },
    "vl": {
        "qmse": [
            2.749748015990023,
            2.542895106995692,
            2.421811041936197,
            2.3543921963113252,
            2.321101329691423,
            2.319110981753615,
            2.329080051085988,
            2.3286905197497925,
            2.358539961400579,
            2.379814450532361,
            2.3810458463397834,
            2.3986654519383372,
            2.4167547538632252,
            2.4169853534854826,
            2.446524875737279,
            2.4733250597135616
        ],
        "mse": [
            2.5205312117201384,
            2.34018938528384,
            2.2078307271003723,
            2.163687907932886,
            2.1405097151714596,
            2.148771477853014,
            2.1674540801777864,
            2.156089825708358,
            2.201137230044506,
            2.233936909769402,
            2.23397747838432,
            2.249345215943342,
            2.2759235993109113,
            2.2715210686615905,
            2.305472101344437,
            2.339556942872011
        ],
        "acc": [
            51.823316335352395,
            53.23535792651724,
            54.458022964456696,
            55.181888104136526,
            55.48847389351475,
            55.53104886428906,
            55.489663616881344,
            55.748777514924114,
            55.40873861866571,
            55.26564754749256,
            55.237744243744295,
            55.108854378181725,
            54.99234185681317,
            54.88953116487284,
            54.69643799333625,
            54.42867904412942
        ]
    }
}