{
    "tr": {
        "ce": [
            2.4263926206190005,
            1.88586494249618,
            1.756066208587016,
            1.6810042000005254,
            1.6280879544400402,
            1.5882565548846657,
            1.5568786453816783,
            1.5315395828729268,
            1.5097202785252004,
            1.491594796048874,
            1.4756515806694228,
            1.4617924527243906,
            1.4491450873525336,
            1.4383186969087682,
            1.427939769635625,
            1.4180056483721668,
            1.4088772180702722,
            1.4002352551246118,
            1.391366629099201,
            1.3831254276813472,
            1.3747858502733712,
            1.3666081848712506,
            1.3577811916488096,
            1.3493744544945239,
            1.3407842109211308,
            1.3329523965168493,
            1.3246021536627428,
            1.3169387689806051,
            1.3089329022761356,
            1.3011460850138101,
            1.2935643354037438,
            1.2857214281603182,
            1.2785875388316128,
            1.271383592076158,
            1.2642498798408033,
            1.2575167685575088,
            1.2507892608715023,
            1.2433131272508104
        ],
        "mse": [
            34.40863970672783,
            20.663419801752028,
            18.214861784615948,
            16.814628373884712,
            15.81615215215738,
            15.059633891657109,
            14.464844401141352,
            13.978424312495346,
            13.557403999126924,
            13.215040020289228,
            12.916799790733892,
            12.653798805185815,
            12.40907125000677,
            12.217145448903189,
            12.018537713488124,
            11.842569027798982,
            11.671890123750401,
            11.521280521971228,
            11.369461651306246,
            11.228551758273834,
            11.102045766273482,
            10.97794260525189,
            10.833276774447873,
            10.713801911955944,
            10.594332601407565,
            10.46850566377179,
            10.359149057573187,
            10.252280819492114,
            10.134213734890182,
            10.020945213587948,
            9.924679074161359,
            9.812130677522552,
            9.708490644824138,
            9.611604900933877,
            9.510853530208017,
            9.41653084023243,
            9.325815188345015,
            9.21672131811656
        ],
        "acc": [
            0.31136150693928977,
            0.41493121028598484,
            0.44553985442842836,
            0.4624961835386832,
            0.4744523950204122,
            0.48368403611665656,
            0.49116406060214174,
            0.49729309932180754,
            0.5028789671077369,
            0.5074850307594712,
            0.5116839236997247,
            0.5154148616514753,
            0.5189000778341685,
            0.5218789038941405,
            0.5248159752070306,
            0.5276152295151296,
            0.5300592287845142,
            0.5323423253243834,
            0.5348745989911791,
            0.5369348934684905,
            0.5391059425492231,
            0.5412201246694387,
            0.5435410372503113,
            0.5455794213608528,
            0.5477060781029429,
            0.54976588601727,
            0.5518348923355423,
            0.5537733239484246,
            0.5558610367615583,
            0.5578308623273914,
            0.5599646760822611,
            0.5618742878079885,
            0.5640019779145917,
            0.5658913749360415,
            0.5679353492957631,
            0.5696685563572559,
            0.5716121494679492,
            0.5738318399504955
        ]
    },
    "vl": {
        "ce": [
            2.0246033342809624,
            1.8476097600056174,
            1.7623358844407921,
            1.7145411007391298,
            1.6731633755678688,
            1.6412189628908542,
            1.6238412925454437,
            1.605029307753662,
            1.5974334217811543,
            1.5758082290164759,
            1.5728850315828793,
            1.5602927315430564,
            1.5681331235854352,
            1.5463363251399473,
            1.5437345664357878,
            1.5439405004834867,
            1.5328879730948985,
            1.528029088439837,
            1.5293530343008823,
            1.5334801116927725,
            1.5236156058441745,
            1.5255770396665145,
            1.5162860578526565,
            1.5144624013066943,
            1.5127081695150157,
            1.5149154913881437,
            1.5218850953982828,
            1.508116252435361,
            1.5145119252752086,
            1.507421657035911,
            1.5152999563295333,
            1.5149691958245033,
            1.5070195950445582,
            1.512703091394706,
            1.510534520031976,
            1.5126343731020317,
            1.5177628023376881,
            1.5203345531974335
        ],
        "mse": [
            23.459676125010507,
            19.829782493778918,
            17.715525296216455,
            17.22714946309074,
            16.250176997784056,
            15.71407766029483,
            15.376482332990468,
            14.93216990512577,
            14.714230319841311,
            14.344108046078292,
            14.148072393865533,
            13.871305993345917,
            13.883365538602318,
            13.668872231342753,
            13.725472592265229,
            13.46129076076987,
            13.169679395488052,
            13.118374094937018,
            13.011938497668407,
            13.260023295553655,
            13.173101838169202,
            12.923496088695005,
            13.109475864087297,
            13.011034509523318,
            12.891037096742723,
            13.005109383108838,
            13.239768287523196,
            12.733870972701109,
            12.831269635528814,
            12.536121003614749,
            12.6717507226871,
            12.86714185391619,
            12.641257699070081,
            12.713120756253518,
            12.494309506129698,
            12.711818791478057,
            12.696497410372958,
            12.716137340160016
        ],
        "acc": [
            0.37921235262533354,
            0.4162668697332424,
            0.4369031826003653,
            0.4475147353658259,
            0.4558906534819004,
            0.46389078149378626,
            0.4675099324496066,
            0.4722018093684983,
            0.47538316217276566,
            0.48025081872614356,
            0.4806228737687804,
            0.48523577200910434,
            0.48372514032926717,
            0.48868159591500226,
            0.48850997704300075,
            0.4879897849970177,
            0.4909478619776137,
            0.4920927354546844,
            0.49290888410448375,
            0.4915006058137925,
            0.4941008252198579,
            0.49331455803959745,
            0.4957955603391095,
            0.4963763756015913,
            0.4968921922432269,
            0.4952734467761764,
            0.4957256530477701,
            0.49808925536812326,
            0.49639099738636955,
            0.4982524439285362,
            0.4957309910834161,
            0.4977594657185299,
            0.4992508846716803,
            0.49806716297167897,
            0.49810451708856174,
            0.4982636492760455,
            0.4968726601594133,
            0.49818253557864434
        ]
    }
}