{
    "tr": {
        "qmse": [
            18.688795473973318,
            14.625840319503371,
            14.374761158048617,
            14.024063418100612,
            13.720112283046541,
            13.452089177551548,
            13.200291754445272,
            12.981280470285615,
            12.814081130003139,
            12.638839346121525,
            12.495226612282321,
            12.379140907201823,
            12.25033123592445,
            12.128761381336492,
            11.989865195240448,
            11.842436811330652,
            11.700251092739794
        ],
        "mse": [
            18.33211893906386,
            15.775247203510462,
            15.708197434598354,
            15.550180429095231,
            15.307734642156312,
            15.025221218420937,
            14.727914802066753,
            14.444608327285456,
            14.214639440273956,
            13.970082197823954,
            13.746164680070624,
            13.552993105885758,
            13.352907048355515,
            13.16667514976054,
            12.962530650762178,
            12.74998626865467,
            12.5597294938126
        ],
        "acc": [
            57.27760370507207,
            57.129020214225704,
            57.2633116232954,
            57.52935086076146,
            57.85202540477624,
            58.22090665390701,
            58.5658483811694,
            58.9122298675915,
            59.23015423836733,
            59.56541875943845,
            59.89295259611616,
            60.200525599748886,
            60.51775438377684,
            60.8256976606635,
            61.12040770303801,
            61.41358179837438,
            61.69390595998854
        ]
    },
    "vl": {
        "qmse": [
            14.444424974462374,
            14.499973130356418,
            14.436950054325042,
            14.141285766017893,
            13.90628142565326,
            13.922235556638958,
            13.658427638434322,
            13.646073183726743,
            13.536628985014119,
            13.615074183771519,
            13.527611263462754,
            13.496979269173627,
            13.584209748304607,
            13.566530776154147,
            13.527097113145505,
            13.682901602625195,
            13.503352520895787
        ],
        "mse": [
            15.751523209399865,
            15.911092560147978,
            16.03324614457094,
            15.900753137192439,
            15.664515363714083,
            15.731074107800676,
            15.492076146798055,
            15.468939051602057,
            15.339661423625842,
            15.347709726114742,
            15.212132532088482,
            15.163136391040405,
            15.205798091784201,
            15.126003705738672,
            15.03066167023664,
            15.113919910837392,
            14.935400122501811
        ],
        "acc": [
            57.571882392213645,
            57.50758945127654,
            57.62912090358839,
            57.8029382912839,
            58.12259962161382,
            58.334433771873435,
            58.598105715272204,
            58.83255536601843,
            59.007013072081605,
            59.170104481809126,
            59.434982287427765,
            59.60685721512049,
            59.70231500642547,
            59.897616896473,
            60.07343003007232,
            60.18333882907701,
            60.28752677101907
        ]
    }
}