{
    "tr": {
        "qmse": [
            16.740362034637997,
            14.23240703175909,
            13.647255737272232,
            13.193763869687512,
            12.82622721419078,
            12.509544899962805,
            12.230077290600175,
            11.967983299169596,
            11.7207322692987,
            11.488434314293109,
            11.232889786566401,
            10.999419832186147,
            10.772434596847306,
            10.543630866865298,
            10.342761758394568,
            10.136053225292113,
            9.93804988495958,
            9.736330906622536,
            9.5628759611055,
            9.386556384122253
        ],
        "mse": [
            17.19585200436968,
            15.717350374127333,
            15.283104385658804,
            14.737875739914491,
            14.247243865867112,
            13.804511007368655,
            13.412170757605507,
            13.028902140477985,
            12.693922403915716,
            12.357602668873483,
            12.009058874380042,
            11.701738784393617,
            11.397354121919607,
            11.11991778495137,
            10.840031814227457,
            10.580679432739425,
            10.342037753253242,
            10.094905304568258,
            9.886718394726614,
            9.66394687387147
        ],
        "acc": [
            57.19928284142018,
            57.35398981390808,
            57.96127699313284,
            58.630139517660965,
            59.236600550428705,
            59.82130242132988,
            60.361282420136654,
            60.90640430572148,
            61.43753920344733,
            61.95096475887502,
            62.47334824945745,
            62.95921285440045,
            63.42091233271735,
            63.88227241592036,
            64.30378898194915,
            64.73473346693397,
            65.1329418765995,
            65.53665777717598,
            65.91421916505843,
            66.29965008844614
        ]
    },
    "vl": {
        "qmse": [
            14.454070018288867,
            14.178183136090555,
            14.077824470123957,
            13.603762431222885,
            13.44978353886005,
            13.308024415552941,
            13.338364393984685,
            13.22416703687991,
            13.421195266025315,
            13.288676269718858,
            13.239340526810109,
            13.25749132932861,
            13.168150191750032,
            13.222132588996262,
            13.11096448455352,
            13.399651900015241,
            13.264530291322801,
            13.551085783484204,
            13.516269636935876,
            13.320291287260629
        ],
        "mse": [
            15.886412696108792,
            16.0120250813948,
            15.95806802817381,
            15.395450564681507,
            15.193349390082021,
            14.98927595967152,
            14.98596022558994,
            14.85516133204184,
            15.062733452176786,
            14.749846605655273,
            14.63968979335222,
            14.575219997291356,
            14.447466663975533,
            14.485424453443517,
            14.324281446269302,
            14.679029127287734,
            14.508800724165036,
            14.729174576170458,
            14.733285239485443,
            14.535468332103042
        ],
        "acc": [
            57.56114573915148,
            57.783022791635794,
            58.215666631531846,
            58.854509482943946,
            59.16482139317716,
            59.404746292393064,
            59.77688598665383,
            60.11704994681103,
            60.224813328740375,
            60.58756103281115,
            60.87206614310624,
            61.05150816544809,
            61.20127989131896,
            61.24963827146207,
            61.493266614082735,
            61.4025369123683,
            61.547153634451774,
            61.52711012324349,
            61.66307103764164,
            61.67214307628694
        ]
    }
}