{
    "tr": {
        "qmse": [
            17.902680815189886,
            15.452884479917968,
            15.389508858816633,
            14.976640716072854,
            14.485924804801094,
            13.989125284515445,
            13.566749687218007,
            13.214968128430376,
            12.913266924078869,
            12.661136308726261,
            12.432340872610133,
            12.232510794190715,
            12.055614214108658,
            11.90706949631011,
            11.745299503021565,
            11.603716822461639,
            11.444071166676904,
            11.304524124085233,
            11.15103797889415,
            10.999424014907229,
            10.852947648627097,
            10.704195902072996,
            10.566995170695265,
            10.439951865660749,
            10.30327431288435
        ],
        "mse": [
            18.854951446739527,
            16.772919189455443,
            16.787155345231703,
            16.329808724321374,
            15.684389533115644,
            15.114215187807643,
            14.651793663641559,
            14.244386467517817,
            13.912307184324261,
            13.589970990902238,
            13.294802734678692,
            13.047331621638913,
            12.814173011350906,
            12.588124556296577,
            12.393033590696387,
            12.190206682743616,
            11.991003714010585,
            11.827617295785936,
            11.62131571559622,
            11.45553697361768,
            11.284745649884298,
            11.12084778229613,
            10.954034230659088,
            10.784169814029532,
            10.65195487314211
        ],
        "acc": [
            49.00728864207597,
            48.78564596502153,
            48.97081129947936,
            49.305865739080836,
            49.718165679276446,
            50.11079667531694,
            50.47666793063722,
            50.82036336842586,
            51.12064020027328,
            51.40700241201593,
            51.680585990123056,
            51.93400082708455,
            52.18441864615405,
            52.42447797758027,
            52.66334437755276,
            52.89507604540028,
            53.119748962102996,
            53.33832441420223,
            53.55845720925182,
            53.776998366493835,
            53.999495582354534,
            54.21572330783327,
            54.420532554668775,
            54.64659297096805,
            54.84237672709578
        ]
    },
    "vl": {
        "qmse": [
            15.320191522765029,
            15.576514388694138,
            15.489662845278048,
            15.063806810014235,
            14.771205010961314,
            14.436856995514834,
            14.227845039524016,
            14.050845464070639,
            13.94923145132638,
            14.014161537253791,
            13.751899884698169,
            13.794600934930186,
            13.756438604469508,
            13.884841344395621,
            13.814064703352464,
            13.722934028489993,
            13.614321540613643,
            13.946795996421022,
            13.809165452998844,
            13.60210842903846,
            13.623463512118397,
            13.613506813518336,
            13.711366678196224,
            14.056768770426348,
            13.773960720645926
        ],
        "mse": [
            16.797505735699595,
            17.136269321858556,
            17.04369925149803,
            16.606135621096918,
            16.252757426819514,
            15.808441130841365,
            15.639940484625395,
            15.437987022712582,
            15.248993835814012,
            15.268652319256725,
            14.992941184122055,
            15.04024599549549,
            14.987742969898578,
            15.116032256454718,
            15.018580970868387,
            14.95026316668818,
            14.798950751622518,
            15.186209166636232,
            15.046534427528172,
            14.75796234933405,
            14.804898901715305,
            14.784883989011004,
            14.83191863174647,
            15.27600839750363,
            14.937428936932257
        ],
        "acc": [
            49.09606687521023,
            49.052628549070306,
            49.21985016168792,
            49.50117485933617,
            49.83036723293242,
            50.106568984646614,
            50.29932007274992,
            50.48826077108175,
            50.73398111459336,
            50.73407709272833,
            51.04854102831721,
            51.09510639977585,
            51.0739848343401,
            51.117092322130674,
            51.19524940929777,
            51.37383759510322,
            51.482540230607725,
            51.37203400089441,
            51.42297513497983,
            51.74069425773099,
            51.66718005482616,
            51.743223742057715,
            51.77571178296876,
            51.485037665223814,
            51.79870106646272
        ]
    }
}