{
    "tr": {
        "ce": [
            2.7970883851581148,
            2.119708031106878,
            1.9517446751947756,
            1.8609485921153315,
            1.799231859224814,
            1.751237590489564,
            1.712053833714238,
            1.6787957985312851,
            1.65070327423237,
            1.6247224139284204,
            1.6014395923967715,
            1.5804445456575464,
            1.5599570751190186,
            1.5421587098086322,
            1.5250397192107306,
            1.5097440790247034,
            1.494429785852079,
            1.479830575077622,
            1.4663069663224397,
            1.453401026637466,
            1.4406256378138507,
            1.4289191961288452,
            1.4175962247671905,
            1.4063678661099186,
            1.3962523982259962,
            1.3857002583256475,
            1.3757908172077602,
            1.3656625798896507,
            1.3564417561778315,
            1.3477570099300809,
            1.3389406923011498,
            1.3301703370058977,
            1.3216530189690767,
            1.3134574642887822,
            1.3052888260064301,
            1.2969801732345863,
            1.289610463778178,
            1.2812210742632548,
            1.273973896326842,
            1.2661131241586474,
            1.2583706061928361,
            1.2517015684092487,
            1.244875945073587,
            1.2373809987527353,
            1.2305171477353132
        ],
        "mse": [
            46.64682905550356,
            26.271457998487683,
            22.831006223890515,
            21.118687542102954,
            19.976143873002794,
            19.07887328677707,
            18.336135848716452,
            17.71042868932088,
            17.187375900127268,
            16.69795322276928,
            16.248605514808936,
            15.8481118244595,
            15.466254905418113,
            15.123819688161214,
            14.804545389811198,
            14.538974000436289,
            14.271232325236003,
            13.99772867767899,
            13.756350399299905,
            13.528729143495912,
            13.30273779409903,
            13.098376594119602,
            12.910660124178285,
            12.717122951083713,
            12.547959736011647,
            12.368555645412869,
            12.212368952433268,
            12.042875564010055,
            11.889038529572664,
            11.751942848629422,
            11.609873777318883,
            11.468166425493028,
            11.338891225744177,
            11.221886885607685,
            11.078476049635146,
            10.947491106810393,
            10.844042716556125,
            10.718828550268103,
            10.60301832128454,
            10.484561433438902,
            10.368095291985405,
            10.271081242737946,
            10.16744080013699,
            10.063404901999014,
            9.969421089313649
        ],
        "acc": [
            0.2465726318957146,
            0.3575978070939029,
            0.39567086815834046,
            0.4180273498429192,
            0.4335963598887126,
            0.4453810818327798,
            0.45488223965521213,
            0.4629406887072104,
            0.46950998895698126,
            0.47563614615687616,
            0.4811086578943111,
            0.48586690527421456,
            0.49050116494849877,
            0.49484505971272785,
            0.499022000056726,
            0.5026945982597493,
            0.5063171400405743,
            0.5098465096950531,
            0.5132168802950118,
            0.5161041786052563,
            0.519471799907861,
            0.5222892185052236,
            0.5251122795873218,
            0.5277595615386963,
            0.530263466614264,
            0.5330868171762537,
            0.5354486525279504,
            0.5382068980402417,
            0.5404622512835043,
            0.542714133615847,
            0.5449331717137937,
            0.5474700640307533,
            0.5494684725337559,
            0.5515107180012597,
            0.553763610654407,
            0.5560976675704673,
            0.5578897696954233,
            0.5602612963429203,
            0.562399318129928,
            0.5645461638768514,
            0.566640780987563,
            0.5684518345638557,
            0.5704052489333683,
            0.5725652612580193,
            0.5743618463145362
        ]
    },
    "vl": {
        "ce": [
            2.290698035558065,
            2.0322644368807476,
            1.9272259012858073,
            1.8555864055951437,
            1.8113387378056844,
            1.7842967851956686,
            1.7432961106300353,
            1.719580703576406,
            1.6930451170603433,
            1.678134158452352,
            1.658431118329366,
            1.6483953889211018,
            1.628437683582306,
            1.6200850582122803,
            1.6078338535626728,
            1.5988876477877298,
            1.5913150119781494,
            1.5778531686464945,
            1.5684759442011516,
            1.5629600326220194,
            1.5571080708503724,
            1.5536116035779317,
            1.545381610393524,
            1.5449850861231487,
            1.5340614080429078,
            1.5279806462923686,
            1.5296257170041403,
            1.5224341837565105,
            1.519877622127533,
            1.5162525804837546,
            1.5148215357462564,
            1.5188174263636272,
            1.5117645533879598,
            1.5125832947095235,
            1.5109195232391357,
            1.5037128877639772,
            1.507850927511851,
            1.500892702738444,
            1.5013227478663127,
            1.4983102623621622,
            1.5038147735595704,
            1.5079713837305704,
            1.4992579444249472,
            1.5002101254463196,
            1.507422563234965
        ],
        "mse": [
            30.95755729675293,
            24.489104359944662,
            22.53278003692627,
            21.15284697850545,
            19.673328450520835,
            19.531368916829425,
            18.6212403233846,
            18.356981366475424,
            17.803024819691977,
            17.416621691385906,
            16.761464761098225,
            16.773376115163167,
            16.281665534973143,
            15.79221934636434,
            15.652485116322834,
            15.305838406880696,
            15.425884882609049,
            15.30211098353068,
            14.811265614827475,
            14.803343378702799,
            14.605241254170735,
            14.647922115325928,
            14.569759407043456,
            14.257750333150227,
            14.337743530273437,
            14.152412141164143,
            14.23952782313029,
            13.870069058736165,
            13.830781536102295,
            13.620809160868326,
            13.727946141560873,
            13.748677037556966,
            13.51108647028605,
            13.587086798350017,
            13.68172348022461,
            13.421785011291504,
            13.343491179148357,
            13.195133310953777,
            13.288813794453938,
            13.070040849049887,
            12.997504011789959,
            13.154474023183187,
            13.026519203186036,
            13.074825134277344,
            13.01443691889445
        ],