{
    "tr": {
        "ce": [
            2.2015437619441984,
            1.7468938036046104,
            1.634079980799508,
            1.5693443786116292,
            1.5256883907883192,
            1.4945118992714779,
            1.4698712587066785,
            1.4502467955183889,
            1.4335341120302334,
            1.4175782416664477,
            1.402558425573258,
            1.3881610469302301,
            1.3730136011190888,
            1.358369940394364,
            1.3445390893926885,
            1.330778154802337,
            1.3181294314370842,
            1.3054983860379257,
            1.2936372671834389,
            1.2826743734458848,
            1.272278559204294,
            1.262370111405469,
            1.2519635216003855,
            1.2431119451476462,
            1.234079060710987,
            1.2255832014457682,
            1.2171500915815967
        ],
        "mse": [
            29.08044189944596,
            18.026040025917965,
            15.878307934844795,
            14.656644146263472,
            13.822565886069489,
            13.230983096319504,
            12.753859575596742,
            12.372454919991831,
            12.062414944769582,
            11.765152480311757,
            11.5239380631031,
            11.30166935377373,
            11.070666266226617,
            10.861910791029072,
            10.66726599635052,
            10.481324968711832,
            10.30295031746627,
            10.129345611756568,
            9.95855607989348,
            9.8152230295212,
            9.675359499776881,
            9.540352020391175,
            9.396073749383435,
            9.278636353532438,
            9.158340951947954,
            9.04390521239307,
            8.928950635758767
        ],
        "acc": [
            0.35062686884218264,
            0.4441279778995618,
            0.47081501278896093,
            0.48650636429556304,
            0.4975142995842464,
            0.5055549207953688,
            0.5120067979672946,
            0.5174499697342574,
            0.5219931847434824,
            0.526193916734248,
            0.5299154892224232,
            0.5334480993021806,
            0.5372051853914096,
            0.5409641471161953,
            0.5444111665741935,
            0.5479602279615272,
            0.5512129672390101,
            0.5545531374384516,
            0.5577040722543293,
            0.5607112679427897,
            0.563456977547501,
            0.5663493589513101,
            0.5693762108606613,
            0.5719296115033715,
            0.5744567451705979,
            0.5770215170791322,
            0.5793705727147752
        ]
    },
    "vl": {
        "ce": [
            1.8709490673789562,
            1.730480844205846,
            1.6569402768312256,
            1.6144371755787583,
            1.5864470917019036,
            1.5736665256687852,
            1.5570566426209413,
            1.5345248231470912,
            1.5380257700310378,
            1.5244233132711524,
            1.520444492824742,
            1.5148399107443178,
            1.5067025888812997,
            1.5025762612702416,
            1.5000154656139228,
            1.4928563957005903,
            1.4853017359483438,
            1.4988266568366295,
            1.4854947761759731,
            1.478972491345119,
            1.482907127812912,
            1.4781902761407237,
            1.4846493044837576,
            1.4835542645610746,
            1.4813610100355306,
            1.4865747432891137,
            1.4862963280391173
        ],
        "mse": [
            20.40179415999866,
            17.21194954648044,
            15.747658596664179,
            15.205099185307821,
            14.777738851276252,
            14.060146171538555,
            13.81388138161331,
            13.489697671327434,
            13.55908848027714,
            13.084290371566523,
            12.911286985939318,
            12.964446050873219,
            12.81361377304369,
            12.69518800771953,
            12.697476462588284,
            12.410446658160517,
            12.587215871758799,
            12.816303537191589,
            12.477236876722243,
            12.109046469620669,
            12.365359080945208,
            12.32891237149473,
            12.020344745917399,
            12.065936009089151,
            12.059738181327862,
            12.330095464414587,
            12.221170762848985
        ],
        "acc": [
            0.40618682331074785,
            0.44163316032274175,
            0.4588996392618763,
            0.4688320818657432,
            0.475456698426132,
            0.4786772203575718,
            0.4836329279538712,
            0.48967886345634043,
            0.4873570991181285,
            0.4912718875649197,
            0.4928339610660011,
            0.4926771773178069,
            0.49485870112812586,
            0.49594252544348355,
            0.4963595116399025,
            0.5001205050391577,
            0.5007983356551394,
            0.49932794256614205,
            0.500907836878886,
            0.5033558617686965,
            0.5031956640260468,
            0.5044347767621442,
            0.5033348374516586,
            0.503558966387165,
            0.5051606342277891,
            0.5048953100957506,
            0.5046491947818975
        ]
    }
}