{
    "tr": {
        "qmse": [
            17.92883011810108,
            15.451555736012025,
            15.356987991147546,
            14.933811079365473,
            14.414243556706241,
            13.890117396920042,
            13.501787887232458,
            13.158686015425538,
            12.887283968512536,
            12.641696253579209,
            12.450070275393927,
            12.264589635118167,
            12.063680148059493,
            11.888977392145074,
            11.72302073586208,
            11.551430617013407
        ],
        "mse": [
            18.930695712548264,
            16.786259120302482,
            16.770586489327084,
            16.28411750161731,
            15.635299745210215,
            15.038549291076938,
            14.566676840235925,
            14.152753448892023,
            13.811383028879458,
            13.505359497522374,
            13.235865355624648,
            12.993568104836978,
            12.747159835017948,
            12.52314964075358,
            12.302526681193534,
            12.090308167368617
        ],
        "acc": [
            49.016862524493924,
            48.79321041294812,
            48.98623092871457,
            49.34224217668271,
            49.779979668645936,
            50.202833974988074,
            50.563737788087366,
            50.90054063603567,
            51.20760206754575,
            51.49131377248263,
            51.755421913637285,
            52.00480475356172,
            52.2589294291383,
            52.49652101054665,
            52.726630148863,
            52.95039620380639
        ]
    },
    "vl": {
        "qmse": [
            15.430403015001223,
            15.578732904840688,
            15.33704328406704,
            15.150838259139348,
            14.719410766017893,
            14.528675252622595,
            14.162724814128355,
            14.075816613077466,
            14.141253070101712,
            14.08926960939918,
            13.849490771528151,
            13.897605820431735,
            14.001848528293964,
            13.884519539244188,
            13.900576915897307,
            13.938745790491991
        ],
        "mse": [
            16.931281629155894,
            17.10955978351864,
            16.899526841002086,
            16.702978377785186,
            16.13760793143934,
            15.951796001423903,
            15.500884965469277,
            15.417934291349734,
            15.511479148447838,
            15.331834997635722,
            15.06389689575779,
            15.016549610700764,
            15.138301364711074,
            14.971770136734175,
            15.018679857254028,
            14.906588710722376
        ],
        "acc": [
            48.96504750342968,
            49.002861089068034,
            49.30560625478869,
            49.500321112369576,
            49.86216155557685,
            50.06920339468398,
            50.40150159369401,
            50.56464611832561,
            50.59068789247607,
            50.77199764101883,
            50.98896529016599,
            51.03375909269833,
            51.08305674270203,
            51.24705520972528,
            51.30052611313231,
            51.42076600119064
        ]
    }
}