{
    "tr": {
        "ce": [
            1.7603672672933592,
            1.3745706625457086,
            1.2727098831178496,
            1.2123948983673773,
            1.168366082603538,
            1.133696018870715,
            1.1034182354658435,
            1.0769166904030438,
            1.0512604322414636,
            1.0293537442063314,
            1.00821374512052,
            0.9889753454182874,
            0.9702327409003578,
            0.9542641893269189
        ],
        "mse": [
            12.109098079174856,
            8.297631220120639,
            7.396588691350936,
            6.874668264055789,
            6.492817759042959,
            6.211026002918105,
            5.967647422812551,
            5.754670077926371,
            5.5490320197574565,
            5.383237877141303,
            5.224471899848041,
            5.077261684513933,
            4.930908089820029,
            4.809928507328179
        ],
        "acc": [
            0.43900440557172454,
            0.5324063137540409,
            0.5600261840006023,
            0.5771692678291578,
            0.5901662795712469,
            0.6004833380200152,
            0.6096437488852645,
            0.6176653778759479,
            0.6258494399920382,
            0.6327273129366409,
            0.6394390952837065,
            0.6456411662017709,
            0.6518650057286124,
            0.6571375296239758
        ],
        "rmse": [
            0.08975405502748576,
            0.06226862593692909,
            0.046862907874089754,
            0.04017792567123996,
            0.037036892733007754,
            0.0358893814250777,
            0.035171716988756825,
            0.03446033511019901,
            0.0335708251621985,
            0.03319710253507795,
            0.03302487575617995,
            0.03260193236083906,
            0.03235536714236412,
            0.032058018180749694
        ]
    },
    "vl": {
        "ce": [
            1.5265204388587201,
            1.4206061490246507,
            1.3566633094855345,
            1.3336052671482004,
            1.328196689079368,
            1.3092023282428908,
            1.304278038238567,
            1.3132819645717495,
            1.2946636680045414,
            1.3009723988387103,
            1.3171318368833573,
            1.3112926299129029,
            1.3228601684661512,
            1.3276683981301354
        ],
        "mse": [
            9.575568467541471,
            8.556254913246697,
            7.922431274841392,
            7.631943517695359,
            7.593291691743611,
            7.3738412870084,
            7.362093573710958,
            7.365581378259294,
            7.1838998833640675,
            7.191229077636218,
            7.264943520228068,
            7.120095948703954,
            7.060648450434534,
            7.205497658317857
        ],
        "acc": [
            0.48767513639288523,
            0.5159059558572665,
            0.5318502919758604,
            0.5385972081474919,
            0.5390642674568572,
            0.5453220228028428,
            0.5468834229831487,
            0.545308681622229,
            0.5512595918497752,
            0.5520808328696287,
            0.5489986819810555,
            0.551154651847042,
            0.5493222241356073,
            0.5494342588010381
        ],
        "rmse": [
            0.0776837734006793,
            0.055881427753655635,
            0.046938958699952384,
            0.04346730867960577,
            0.04233760696637337,
            0.04460109163666032,
            0.04237991160219484,
            0.04231188028460481,
            0.04205237801283435,
            0.044195286782020754,
            0.04379757212810829,
            0.04351778667359078,
            0.044034867272635954,
            0.04747119067043392
        ]
    }
}