{
    "tr": {
        "ce": [
            2.32261562983195,
            1.697392210872085,
            1.5401306568251716,
            1.4632409471935697,
            1.4160039101706612,
            1.3829568690723844,
            1.358012336448387,
            1.3391822711626689,
            1.3234207556865833,
            1.3104615241509896,
            1.2986915591028,
            1.2884803931801407,
            1.2797468892733257,
            1.2719353923091181,
            1.264436683036663,
            1.2573176704512703,
            1.2519350653224521,
            1.2457322403236673,
            1.2398584236922088,
            1.236324757470025,
            1.2310306741573191,
            1.2267835685941908,
            1.2221062258437827,
            1.2178924458998222,
            1.2135698829756842,
            1.2112816122726158,
            1.207235889788027,
            1.2034850449915286,
            1.200751451474649,
            1.1976422618053577,
            1.1941593242574622,
            1.1914409793747796,
            1.189170398094036,
            1.1869626695138438,
            1.184188550401617,
            1.1820602933565776,
            1.1796558162018105,
            1.1780568432807923,
            1.17545539493914,
            1.1736356630148712,
            1.1711662584763987,
            1.1689746846093072,
            1.1669143879855122,
            1.1647553223150748,
            1.1629171186023288,
            1.1612055534786647,
            1.1592694817648994,
            1.1581808008088006,
            1.1567246655181602,
            1.1539864402347142,
            1.1526522653191178,
            1.1504249507409554,
            1.148694916566213,
            1.14705523914761,
            1.1454834195419594,
            1.1436533097867612,
            1.141417478278831,
            1.1396669914987352,
            1.138927907148997,
            1.1355633856632092,
            1.1343523208300272,
            1.132677803657673,
            1.1307436686974985,
            1.1291307882909423,
            1.1268499601328814
        ],
        "mse": [
            45.46551676714862,
            25.043593307777687,
            21.822323995519568,
            20.280085375750506,
            19.352786504250986,
            18.71953914783619,
            18.240553076708757,
            17.901369101206463,
            17.610747811352766,
            17.36454972655685,
            17.129238821665446,
            16.93792052516231,
            16.76456339094374,
            16.620460667786777,
            16.46916252065588,
            16.328813017385976,
            16.21215225926152,
            16.091881690555148,
            15.949814025031197,
            15.885921454959446,
            15.770236084549515,
            15.672607587884974,
            15.570943657203957,
            15.458840510050456,
            15.356389579066525,
            15.320635561766448,
            15.22902149271082,
            15.126623034300627,
            15.08936693686026,
            15.0082969100387,
            14.920858453821253,
            14.854659935986554,
            14.796080645808468,
            14.74482903515851,
            14.686190047087493,
            14.63413497571592,
            14.57193537959346,
            14.5329421460187,
            14.485214832447193,
            14.428984983938712,
            14.375253041585287,
            14.318586037953695,
            14.25683752907647,
            14.211433716526738,
            14.166940220020436,
            14.12373528515851,
            14.084495244909215,
            14.067009728749593,
            14.034416526511864,
            13.951977365281847,
            13.923783631501374,
            13.871031972390634,
            13.843959344934534,
            13.811160506495723,
            13.775508941367821,
            13.733312173066317,
            13.67893462004485,
            13.65020295743589,
            13.640174237004032,
            13.555573859744602,
            13.55665515617088,
            13.510930986051207,
            13.474777830618399,
            13.430967029288963,
            13.3883831582246
        ],
        "acc": [
            0.3241653702152824,
            0.45553183493790805,
            0.4947187583976322,
            0.514326689000483,
            0.5265652607546912,
            0.5353139581282934,
            0.5420034845670064,
            0.5469017764374062,
            0.5511089523633321,
            0.5546307989403053,
            0.5578162732830754,
            0.5603807991522329,
            0.5626520668135749,
            0.5647242596414355,
            0.5665415338233665,
            0.5684428653452132,
            0.5698308856840487,
            0.5713479581144121,
            0.5729477833818506,
            0.5735471770056971,
            0.5750235946090133,
            0.5760178060001797,
            0.5772727263415302,
            0.5783991730654681,
            0.5794338949962898,
            0.5798530204207809,
            0.5809069856007893,
            0.5818567830544931,
            0.5824713663260142,
            0.5834129178524017,
            0.5843148262853975,
            0.5849586339791616,
            0.5855575932838298,
            0.5860085467497508,
            0.586611267902233,
            0.5872257068863621,
            0.5878185881508722,
            0.5881604569046586,
            0.5887711347473992,
            0.5893488255695061,
            0.5901095315262124,
            0.5905111515963519,
            0.591214855865196,
            0.5917951508804604,
            0.5920529630449083,
            0.5924166787553716,
            0.593015492801313,
            0.593303831020991,
            0.5936099649800195,
            0.5941785414572115,
            0.5946620494348032,
            0.5953088951552356,
            0.595665810947065,
            0.5960771243219022,
            0.5962840099687929,
            0.597003050159525,
            0.5973698037200504,
            0.5979396819626843,
            0.5978223507051115,
            0.5988576506243811,
            0.5989958163985499,
            0.5995117311124448,
            0.5999715115405895,
            0.6005176621454733,
            0.6010066671724673
        ]
    },