{
    "tr": {
        "ce": [
            9.953470126258003,
            8.235140812132094,
            7.612777018017239,
            7.195966008151019,
            6.935872814390394,
            6.747882059591788,
            6.602704267855044,
            6.481720653463293,
            6.381196730225175,
            6.294390152118824,
            6.209886474609375,
            6.1353621740694395,
            6.065485971592091,
            6.004720224804348,
            5.950463543644658,
            5.898453263883238,
            5.849984254483823,
            5.803209277258979,
            5.759918971591525,
            5.719544071974577,
            5.678866133513274,
            5.6399737573553015,
            5.60240579004641,
            5.56607261551751,
            5.530171347724067,
            5.494724890037819,
            5.462255813457348,
            5.424903092914158,
            5.39100888605471,
            5.3589305263095435,
            5.325062639095165,
            5.294185981044063,
            5.265397747887506,
            5.233533909409134,
            5.20454019440545,
            5.171713762989751,
            5.141166675002487,
            5.112867069244385,
            5.081895689787688,
            5.054957240069354,
            5.024328555707578,
            4.996486451537521,
            4.970916318187007,
            4.942321733192161,
            4.913827682777687,
            4.888652378364846,
            4.859101070827908
        ],
        "mse": [
            41.47168905046251,
            25.6287070691144,
            22.173571805600766,
            20.266101329944753,
            19.100685782962376,
            18.271074198970087,
            17.591447421886304,
            17.048181285858153,
            16.595592321466516,
            16.182836281105324,
            15.793634973455358,
            15.458453473691588,
            15.151325150948983,
            14.86821507277312,
            14.62560548429136,
            14.372509046483923,
            14.153011912593135,
            13.9321104282803,
            13.73780555654455,
            13.542453455041956,
            13.370429373140688,
            13.19406888184724,
            13.042539514612269,
            12.88736571629842,
            12.72097319285075,
            12.58552752883346,
            12.449320305718317,
            12.306147928591129,
            12.177081084074798,
            12.056859120969419,
            11.921985379678231,
            11.805802741580539,
            11.703722429628725,
            11.580018054820874,
            11.487031694341589,
            11.37222163659555,
            11.25476442195751,
            11.16432573389124,
            11.055687371713145,
            10.955535062154134,
            10.865024948826543,
            10.759693441744204,
            10.674185851061786,
            10.574094048959237,
            10.493256303292734,
            10.392741129839862,
            10.307696408872252
        ],
        "acc": [
            0.3060567183178608,
            0.4244372166086126,
            0.4689467653742543,
            0.4956747770971722,
            0.5118352248050548,
            0.5237083453381504,
            0.5328622793489032,
            0.5409029349353578,
            0.5472612965106964,
            0.5526963373466774,
            0.55832972879763,
            0.5633347911746414,
            0.5678547570440504,
            0.5718015171863414,
            0.5754288316656042,
            0.5787505905716508,
            0.5818780505657196,
            0.5850235940350427,
            0.5878851391651012,
            0.5904855439398023,
            0.5934253591519815,
            0.5959006200454853,
            0.598393820700822,
            0.6008180088908585,
            0.6032997804659385,
            0.605728166103363,
            0.6081723214961864,
            0.6107919675332528,
            0.6131519220934973,
            0.6153256774390186,
            0.6176561172361728,
            0.6197381480976387,
            0.6217082005076938,
            0.6239706435026946,
            0.6261151736312442,
            0.6283993180592855,
            0.6304554514973252,
            0.6325847922872614,
            0.6347565223552563,
            0.6366731890484139,
            0.6388987384902106,
            0.6408395655508394,
            0.6426791203022003,
            0.6446886702820107,
            0.6467113835281796,
            0.6484573326287446,
            0.6505936179337678
        ]
    },
    "vl": {
        "ce": [
            8.702331040700276,
            7.927120478947957,
            7.402457796732585,
            7.064191821416219,
            6.87104084332784,
            6.716075989405314,
            6.608917942047119,
            6.513717215855916,
            6.429639072418213,
            6.376752611796062,
            6.313198858896891,
            6.261258452733358,
            6.22588475227356,
            6.18254651705424,
            6.137619867324829,
            6.100108683904012,
            6.08060806274414,
            6.067904494603475,
            6.00045072555542,
            5.99595105489095,
            5.976684357325236,
            5.956782592137655,
            5.93134311358134,
            5.918741254806519,
            5.914518725077311,
            5.889755226771037,
            5.878488779067993,
            5.8763321685791015,
            5.870391677220662,
            5.818688542048136,
            5.818584718704224,
            5.817399012247721,
            5.8040198230743405,
            5.798463093439738,
            5.77820198059082,
            5.793314943313598,
            5.793835649490356,
            5.764589659372965,
            5.759704389572144,
            5.779606526692708,
            5.75145245552063,
            5.740393908818563,
            5.760967782338461,
            5.757363754908244,
            5.743420362472534,
            5.755687697728475,
            5.746827764511108
        ],
        "mse": [
            28.785176328023276,
            23.52397565205892,
            20.943103758494058,
            19.549671681722007,
            18.740900535583496,
            18.191339848836265,
            17.386595471700033,
            17.181535008748373,
            16.882259476979574,
            16.629959354400636,
            16.065592924753826,
            15.980702285766602,
            15.549645169576008,
            15.58753272374471,
            15.290622069040934,
            15.078803030649821,
            15.011002438863118,
            14.7741881497701,
            14.559340858459473,
            14.529507497151693,
            14.481875394185383,
            14.219288845062255,
            14.17512544631958,
            14.039413026173909,
            14.009833405812582,
            13.959425805409749,
            13.82555196762085,
            13.836347465515138,
            13.605789063771565,
            13.569670651753743,
            13.446162954966228,
            13.590298868815104,
            13.331316897074382,
            13.319106941223145,
            13.21058406194051,
            13.393651167551676,
            13.283783397674561,
            13.126356232961019,
            13.132154267628987,
            13.159473304748536,
            13.073916562398274,
            13.091779441833497,
            13.099537162780761,
            13.038257363637289,
            12.996971785227458,
            12.998775475819906,
            13.04526383082072
        ],