{
    "tr": {
        "ce": [
            1.8935007317672563,
            1.4237695500974559,
            1.3167729400566957,
            1.2564443230302962,
            1.2146309693509487,
            1.1829493940510456,
            1.158148906217162,
            1.137895176998209,
            1.120197940148035,
            1.105095381669381,
            1.0923049887854508,
            1.0814402475613514,
            1.0711425683013722,
            1.0626026332758727,
            1.054063585492044,
            1.0464093441913933,
            1.0393726931846965,
            1.0327623852731536,
            1.0262859023946718,
            1.0203656470366287,
            1.0145903687388729,
            1.0081450186649452,
            1.002008393990961,
            0.9959465181237114,
            0.9896269525231217,
            0.9836168975969174,
            0.9776334713129098,
            0.9717694547392973,
            0.9657121303232924,
            0.959635930505432,
            0.9538855618055524,
            0.9483910141039025,
            0.9420429018629752,
            0.9368369732175472,
            0.9308671986611191,
            0.9253569706273782,
            0.9200310028276701,
            0.9148831985635042,
            0.9100133395419588
        ],
        "mse": [
            30.8051733308489,
            19.009980997464027,
            16.84342968453031,
            15.6088001302802,
            14.756107889892338,
            14.099573543389782,
            13.579348223653472,
            13.169812693055443,
            12.79537171833568,
            12.482769252680892,
            12.21617531812651,
            11.99257321706915,
            11.773426192105994,
            11.599661909675424,
            11.420529660248388,
            11.265361459593539,
            11.128898198682101,
            10.985385015864967,
            10.864226118984355,
            10.750743107605908,
            10.642986102293994,
            10.519299130713604,
            10.424746591897765,
            10.312265389453167,
            10.216808970812714,
            10.11033350904819,
            10.010701819923792,
            9.91608968327307,
            9.81518022516367,
            9.715711613767816,
            9.622357212421344,
            9.533442344972697,
            9.428946032997903,
            9.350269400359867,
            9.256320710096704,
            9.158276059206624,
            9.073451599282214,
            8.994751248378517,
            8.912942437624286
        ],
        "acc": [
            0.41799537940457376,
            0.5236969787239195,
            0.549418632127854,
            0.5644090413793682,
            0.5749079523858819,
            0.5831814514797388,
            0.589588460734607,
            0.5951325229075642,
            0.6001517399941777,
            0.6045779204230944,
            0.6083785440739945,
            0.6117818242907342,
            0.6150133057011546,
            0.6175617690109547,
            0.6203737708436288,
            0.6227715740229938,
            0.6249895545531464,
            0.6272163905115049,
            0.6290390573168048,
            0.6309141050860064,
            0.6326739357003902,
            0.6345993096942201,
            0.6363270335811788,
            0.6381198366483053,
            0.6399275486283084,
            0.6415476748480401,
            0.64329579044207,
            0.6449415780642372,
            0.6467513318519685,
            0.6484471379678252,
            0.6501873245865188,
            0.6519669176633146,
            0.6538170504555518,
            0.6553627910928428,
            0.6573493761952545,
            0.6590301554386321,
            0.6606187687134605,
            0.662233612994516,
            0.6638641371911002
        ]
    },
    "vl": {
        "ce": [
            1.535808448908759,
            1.393225638918538,
            1.3297973486895118,
            1.2800168603495823,
            1.2543736222337505,
            1.228360115830364,
            1.205947824677483,
            1.1984403108964201,
            1.1931243483486071,
            1.1754314720304937,
            1.172532858581491,
            1.1643137516545468,
            1.1543887532799622,
            1.1479958465190534,
            1.147979121716296,
            1.1402374877304327,
            1.140358379792646,
            1.148220622800087,
            1.1339810430352153,
            1.1282250754168777,
            1.1351609635548514,
            1.1301192195037675,
            1.1285422656054054,
            1.1287570644597538,
            1.127090555559742,
            1.1199843277696704,
            1.1190979912307093,
            1.1275830801393165,
            1.1211848136831501,
            1.1178898990479975,
            1.1165777008390165,
            1.1340187299446982,
            1.1162968315387685,
            1.1157458763304955,
            1.1202097756615101,
            1.1235413816782946,
            1.1168328824916172,
            1.124663581287926,
            1.1264480029950377
        ],
        "mse": [
            21.10386332527536,
            18.164344146603444,
            16.55785911070193,
            15.80475067701496,
            15.272260297191599,
            14.596349122094326,
            14.215424099906546,
            14.013528448636414,
            13.786721590438177,
            13.559302010822817,
            13.3962768088273,
            13.36306096816975,
            12.997050032589605,
            12.927700698049993,
            12.844332997264758,
            12.655427897562745,
            12.631649382127438,
            12.8699846684607,
            12.567156429499224,
            12.402088798460413,
            12.509169290625984,
            12.200357059311997,
            12.343085148295419,
            12.544749292519574,
            12.346887361807902,
            12.229607954702741,
            12.099548269490727,
            12.12469763703685,
            12.299243611716182,
            12.167551486218562,
            12.003433329160096,
            12.34261332313871,
            12.0368358984671,
            11.97259897612483,
            12.246622578042452,
            12.156929478619269,
            12.11382211101511,
            12.180080351282339,
            12.227437864887259
        ],
        "acc": [
            0.4925162315857215,
            0.5270233632274013,
            0.5422139799660021,
            0.5538096716169452,
            0.5601558335980431,
            0.5658565036586074,
            0.5722311634997852,
            0.5734472233252447,
            0.5762134030705592,
            0.5813316575816421,
            0.5817243133574888,
            0.5838509752450745,
            0.5870332891335253,
            0.5887128716446662,
            0.5900177273268257,
            0.5911830928319138,
            0.5904436809280531,
            0.5884447687310599,
            0.5934564022581434,
            0.5952387640222174,
            0.5930078238085971,
            0.5940429814200584,
            0.5950982006358319,
            0.5962412600797382,
            0.5954476316444209,
            0.5975911584708209,
            0.5973603052031147,
            0.5944634892575728,
            0.5968878191025531,
            0.5980833874699848,
            0.5985104095577543,
            0.5945427862347149,
            0.5991635831490241,
            0.5983506346660885,
            0.5989797966239231,
            0.5980186048752624,
            0.5993554784300549,
            0.5981630077941822,
            0.5982167966704551
        ]
    }
}