{
    "tr": {
        "ce": [
            2.8676116081520364,
            2.192549741974583,
            2.010997394985623,
            1.920308431254493,
            1.864335964432469,
            1.8237731442628082,
            1.793918964686217,
            1.7691981284706682,
            1.7503466290897793,
            1.7328594885932074,
            1.718413875102997,
            1.7059407985651935,
            1.6945822480872825,
            1.6839365938857749,
            1.674873951099537,
            1.6653981182310316,
            1.6576088581261812,
            1.6489794536873146,
            1.642130400163156,
            1.6354106684967324,
            1.6288899343102066,
            1.622618520259857,
            1.6174623470836216,
            1.61200202676985,
            1.6062676819165547,
            1.601729153173941,
            1.5969819758556507,
            1.5933068375234252,
            1.5882867366296274,
            1.5843814479863203,
            1.5804738170129282,
            1.576935343918977,
            1.5736078175791988,
            1.5700500067075094,
            1.5668695203463237,
            1.563485632384265,
            1.5605027681809884,
            1.5577528418434992,
            1.555459933280945,
            1.5526108678181967,
            1.5497475738878603,
            1.5469949703746373,
            1.5434690628228365,
            1.541486839894895,
            1.5387897698084514,
            1.5359336305547644,
            1.5340775382960283,
            1.5312940574575353,
            1.5277121574790389,
            1.5253231971352188,
            1.5231195830415796,
            1.5205712232766329,
            1.5182930556933085,
            1.5158455746262163,
            1.5133053584452028,
            1.5112553909972861,
            1.508547510129434,
            1.5060501629334908,
            1.5028290116345442,
            1.500586440209989,
            1.4982420374729015,
            1.4961261261834038,
            1.494251154175511,
            1.490465225202066,
            1.4887158155441285
        ],
        "mse": [
            48.76315997794823,
            27.717624542801467,
            23.74017869030988,
            22.028935544049297,
            21.05884927537706,
            20.299712991361265,
            19.760614064534504,
            19.318950305514864,
            18.955079494758888,
            18.649882823802805,
            18.362454617818198,
            18.124473292739303,
            17.92851341176916,
            17.72114191761723,
            17.554160448710125,
            17.376048577626545,
            17.201105206807455,
            17.04167901074445,
            16.895388533980757,
            16.752151102136683,
            16.63321095784505,
            16.495211693799053,
            16.380740483601887,
            16.278824621836346,
            16.15592737339161,
            16.046113066496673,
            15.968221983026575,
            15.887127155021386,
            15.792323193726716,
            15.68317035816334,
            15.596345692387334,
            15.52846518198649,
            15.444290516464799,
            15.371231332708287,
            15.297340321011013,
            15.216867581120244,
            15.16779244740804,
            15.100771434925221,
            15.061491926687735,
            14.987734482376665,
            14.922708194873952,
            14.874263860914443,
            14.779434157477485,
            14.74719997406006,
            14.707757549285889,
            14.633462835947672,
            14.586408229404025,
            14.515543029220016,
            14.448486730081063,
            14.416015699174668,
            14.343532551659479,
            14.30062547966286,
            14.260976887455692,
            14.218792822802508,
            14.15185898816144,
            14.129237559989647,
            14.080444263175682,
            14.037120717366536,
            13.959199021657309,
            13.924816218482123,
            13.873860237686722,
            13.83363676212452,
            13.809800684187147,
            13.725396664937337,
            13.698420992957221
        ],
        "acc": [
            0.23362196610723104,
            0.34563788179998045,
            0.3845014528212724,
            0.40708304983598215,
            0.421167541080051,
            0.43198669574878834,
            0.43994387171886584,
            0.44645805012296746,
            0.4514910360839632,
            0.4558068636390898,
            0.45924581037627327,
            0.46242853579697785,
            0.46542564266257813,
            0.4679654282331467,
            0.47004456643705017,
            0.47245139525996316,
            0.4742455208963818,
            0.476243061820666,
            0.4778401394243594,
            0.4792563724517822,
            0.48049277226130166,
            0.4822257015881715,
            0.48343519142380464,
            0.48454514582951863,
            0.4858000643606539,
            0.48681901733080546,
            0.4879069804041474,
            0.4888086003285867,
            0.4897401691145367,
            0.4905548399686813,
            0.4916024382467623,
            0.49225130997322225,
            0.493357935834814,
            0.49400825454129116,
            0.49464164588186477,
            0.4953318947774393,
            0.4961370168350361,
            0.4965960726914582,
            0.4971465653622592,
            0.49793475952413346,
            0.49855802449915143,
            0.49900246858596803,
            0.5000439897952257,
            0.5003563455740611,
            0.5009145056980627,
            0.5015437010482505,
            0.501948215674471,
            0.5027093554867639,
            0.5034880011832272,
            0.5039908951741677,
            0.5044175439852255,
            0.5049651436452512,
            0.5053916481468412,
            0.5059181230598025,
            0.5068288582784158,
            0.5068577943687086,
            0.5076714507738749,
            0.5081867877642313,
            0.508856925699446,
            0.5094030774743469,
            0.5098739986728739,
            0.510461526689706,
            0.5106821571897577,
            0.5114233319626914,
            0.5119360641196922
        ]
    },