{
    "tr": {
        "qmse": [
            15.591930920865462,
            13.52024560712167,
            12.793849052248374,
            12.2414603405758,
            11.716453620634772,
            11.219296171396419,
            10.7516996058531,
            10.34877072812141,
            9.991194589563287,
            9.65020849305567,
            9.328102180784649,
            9.025957329807149,
            8.716705042625481
        ],
        "mse": [
            16.59753686684093,
            15.194911189732744,
            14.223463182498604,
            13.471539451589848,
            12.758219736030275,
            12.080315228256184,
            11.463747352280178,
            10.934858088289051,
            10.456738624410475,
            10.01951665278446,
            9.618792079205717,
            9.243448386399516,
            8.876469941894104
        ],
        "acc": [
            57.26923331124773,
            58.27265291074894,
            59.4496009524417,
            60.44158193160248,
            61.38191280014353,
            62.313191970768976,
            63.22466103511174,
            64.0569819229709,
            64.83159446672842,
            65.57306151229247,
            66.28789694538887,
            66.98439994940675,
            67.68950239136312
        ]
    },
    "vl": {
        "qmse": [
            14.026204773637115,
            13.54980159457264,
            13.28499000450301,
            13.267772515614828,
            13.112050221917407,
            12.901561761814389,
            12.866374815748037,
            12.750518770165781,
            12.980744914278958,
            13.171266235289027,
            13.288858364188606,
            13.699092660445332,
            13.558627855582316
        ],
        "mse": [
            15.806516119691192,
            15.524888834666685,
            15.07660842853817,
            15.016819979975132,
            14.688136775636934,
            14.362297043774298,
            14.281606142638159,
            14.066713808664208,
            14.339222227940795,
            14.353643782151853,
            14.508409704666972,
            14.972079680917041,
            14.82040458038205
        ],
        "acc": [
            57.926348096034566,
            58.764324178461166,
            59.502679980843446,
            60.006810390884105,
            60.55155090295552,
            61.117722208056946,
            61.334167095155664,
            61.63371019676084,
            61.6249798588414,
            61.662377172806224,
            61.80575603181547,
            61.72885833705058,
            61.806940600845984
        ]
    }
}