{
    "tr": {
        "ce": [
            2.5851067816769637,
            2.005356080620377,
            1.8769097760871605,
            1.8138362213417336,
            1.7725674971827754,
            1.7433207575480143,
            1.7207840135362413,
            1.7036973942650688,
            1.688655355947989,
            1.6756002925943445,
            1.6634625879923504,
            1.6537245105814051,
            1.6422360588003089,
            1.6339832790692648,
            1.6257150888442993,
            1.618091912092986,
            1.6100832019911873,
            1.6036755337538542,
            1.5967229879343952,
            1.5917311283394142,
            1.5859916000013,
            1.580064874490102,
            1.5751563981727317,
            1.5713053190266644,
            1.56520224765495,
            1.5603318483741195,
            1.5558327786127726,
            1.5505422510924163,
            1.5454494492212931,
            1.5402091521686978,
            1.5345816862141644,
            1.5305067776750636,
            1.5251592502770601,
            1.5207530023433544,
            1.5162569288854246,
            1.5106806707382203,
            1.5059749275666696,
            1.5016475930037323,
            1.4976097228791978,
            1.492392058107588,
            1.4870344605269255,
            1.483036977979872,
            1.479151267034036,
            1.47452035718494,
            1.4696731641557481,
            1.4671855107060185,
            1.4624062220255534,
            1.4582144904136658,
            1.4551331050307663,
            1.4506853431242483,
            1.4479519565017136,
            1.4424116747467606,
            1.4397509132491217,
            1.4378832517729865,
            1.4336417477219192,
            1.4312980719848916,
            1.4269017242502282,
            1.4237717884558219,
            1.4203654285713478
        ],
        "mse": [
            40.318728082444935,
            23.894778096234358,
            21.476351841114184,
            20.311655685989944,
            19.547231746956154,
            19.008657194773356,
            18.579028126751936,
            18.280717119287562,
            17.995798731909858,
            17.72895268334283,
            17.49868679470486,
            17.308631480888085,
            17.057748252727368,
            16.90355964731287,
            16.69866897865578,
            16.537976513615362,
            16.34582913575349,
            16.20725032594469,
            16.047409608629014,
            15.951285067664253,
            15.798840471903484,
            15.638060921563042,
            15.54968013410215,
            15.47832975882071,
            15.34285928938124,
            15.228320086443865,
            15.139766833693892,
            15.043529114193387,
            14.938005689691614,
            14.843098789497658,
            14.718852144877117,
            14.635077095738163,
            14.536461089098895,
            14.455028399008292,
            14.377924467016149,
            14.258105561998155,
            14.190260145399305,
            14.095199202784785,
            14.035582622245506,
            13.929561589558919,
            13.840213215439407,
            13.748722981346978,
            13.679216538182011,
            13.588041619901304,
            13.499531432964183,
            13.46635933416861,
            13.378598990263763,
            13.29818583311858,
            13.235809128372757,
            13.153331611068161,
            13.124177735646565,
            12.994561690577754,
            12.953139827163131,
            12.940177342450177,
            12.8434647348192,
            12.811654056972927,
            12.719042443169489,
            12.667624744839138,
            12.61634558359782
        ],
        "acc": [
            0.2767252647262756,
            0.3847053012362233,
            0.4170238770158203,
            0.43356033594520005,
            0.44445573539645583,
            0.4522080497830002,
            0.4579930614542078,
            0.46248799798665224,
            0.46605425938411993,
            0.4692180326912138,
            0.47223250020433355,
            0.4744301273866936,
            0.4767361174468641,
            0.4787508747754274,
            0.48035055608661087,
            0.4820248908246005,
            0.4838272633596703,
            0.48529572436103113,
            0.4865928888320923,
            0.48787283736246606,
            0.4889869866106245,
            0.49064092130572706,
            0.4913771773929949,
            0.4921681211171327,
            0.49353545356679845,
            0.49466638565063475,
            0.4957013971275753,
            0.4966917033990224,
            0.497884846440068,
            0.49879427982701197,
            0.5001882328148242,
            0.5010166465794599,
            0.5024051019880507,
            0.5032678044946105,
            0.5038912136466415,
            0.5053022380890669,
            0.5061728971534305,
            0.5071054789313564,
            0.507981780745365,
            0.5092191946948016,
            0.510248709011961,
            0.5113515733568756,
            0.5122041493875009,
            0.5130377707216475,
            0.5140492003714596,
            0.5147908101699971,
            0.5159799019495647,
            0.516790086582855,
            0.5175065211234269,
            0.5186380321670462,
            0.5190037722057766,
            0.5205814639285758,
            0.5210473217125292,
            0.5213456426064174,
            0.5224541491270065,
            0.5231475806898541,
            0.5242281657236594,
            0.5250927487788377,
            0.5256517767464673
        ]
    },
    "vl": {
        "ce": [
            2.133829107284546,
            1.9540954359372458,
            1.8682441584269205,
            1.8198404622077942,
            1.782855966091156,
            1.7665705140431722,
            1.7498934292793273,
            1.734279641310374,
            1.7258067719141643,
            1.7071644647916158,
            1.7082223939895629,
            1.6894869804382324,
            1.6908809916178384,
            1.6763753581047058,
            1.6806214261054992,
            1.66559893767039,
            1.6539146788914998,
            1.6537391908963521,
            1.6491102004051208,
            1.6402792040507,
            1.6348375900586447,
            1.6380931870142619,
            1.6323969268798828,
            1.6299640599886576,
            1.6223491930961609,
            1.6164521479606628,
            1.6147966734568278,
            1.6054105647404988,
            1.6101348304748535,
            1.6091508110364279,
            1.59996999502182,
            1.5909346175193786,
            1.5958755373954774,
            1.5935236477851868,
            1.5862394189834594,
            1.584903163909912,
            1.5780875166257222,
            1.5817022156715392,
            1.585335636138916,
            1.5777066604296366,
            1.5722080556551616,
            1.5698137140274049,
            1.5630062516530354,
            1.5592848396301269,
            1.5649386866887411,
            1.558514887491862,
            1.563157201608022,
            1.5536313231786092,
            1.5607987499237062,
            1.5565831573804219,
            1.556786393324534,
            1.559533732732137,
            1.5482441608111064,
            1.54013592004776,
            1.5486100204785664,
            1.5433304850260416,
            1.5505073046684266,
            1.553019899527232,
            1.541379840373993
        ],