{
    "tr": {
        "ce": [
            6.688096607321847,
            5.123690328131473,
            4.6364244200545075,
            4.315297865208359,
            4.067431601446401,
            3.8522462047946666,
            3.6575798860113515,
            3.4825950354219968,
            3.31555118527466,
            3.1612125408030036,
            3.0178282286250746,
            2.8831538586803425
        ],
        "mse": [
            10.713456184441686,
            7.35435212908165,
            6.492948322012156,
            5.921038172376152,
            5.494993468904452,
            5.128272437353838,
            4.80777372331541,
            4.520707068563558,
            4.247823003793842,
            4.000286853773476,
            3.7746720587870373,
            3.564062748589946
        ],
        "acc": [
            0.38555827532365433,
            0.49949254083329153,
            0.5391726723669221,
            0.5639474375636988,
            0.5835281588030745,
            0.6010099991734938,
            0.6172737556726727,
            0.6320685441643951,
            0.6465052293992195,
            0.6600524159196444,
            0.6725930683122366,
            0.6847742899541469
        ]
    },
    "vl": {
        "ce": [
            5.645273048369611,
            5.134219079721169,
            4.9036680284093634,
            4.797334558325387,
            4.770672340862086,
            4.709209901387574,
            4.6603432085996115,
            4.688977117746906,
            4.684832905159622,
            4.766397411054601,
            4.781997035761348,
            4.820510636913321
        ],
        "mse": [
            8.23495211627314,
            7.327495378223273,
            6.910117464638799,
            6.711333775129474,
            6.660156649969966,
            6.600960337399133,
            6.526707113766279,
            6.562613941932637,
            6.563016199674762,
            6.758886775032419,
            6.740034938509998,
            6.810847978774316
        ],
        "acc": [
            0.45761006968757495,
            0.500056417709817,
            0.5181514519811328,
            0.5265392501497529,
            0.5290410191309257,
            0.5347033879144596,
            0.5394010581279713,
            0.5370148683343429,
            0.5379304372873462,
            0.5340240628667217,
            0.5315760324398676,
            0.529982364649981
        ]
    }
}