{
    "tr": {
        "ce": [
            1.842217475619587,
            1.4284413866053522,
            1.3224342691974413,
            1.2568712810802083,
            1.209810190561585,
            1.1709614972943632,
            1.138837247480197,
            1.1094631318515717,
            1.082432073867274,
            1.0570788252900634,
            1.0342459122629668,
            1.0123564247953172,
            0.9926399029666839,
            0.973132238711169
        ],
        "mse": [
            5.292168584865337,
            3.7598177564430295,
            3.3693630935138064,
            3.1318453003736444,
            2.969073760187108,
            2.8380686681852336,
            2.7324481226325,
            2.639277646223559,
            2.5531385233973847,
            2.470517984968085,
            2.402254493357526,
            2.3327567872578014,
            2.2704129859112347,
            2.2100145566503318
        ],
        "acc": [
            0.40517009549330785,
            0.5055290326381012,
            0.5347554409840809,
            0.554026108351713,
            0.5682085494399615,
            0.5802085112380749,
            0.5902841559517025,
            0.5996755475477765,
            0.6084158855961,
            0.6166934084653203,
            0.6241656822551169,
            0.6317573142102408,
            0.6383907224805259,
            0.644916450676676
        ],
        "rmse": [
            0.07392430511158637,
            0.0508156284606138,
            0.040022033333791965,
            0.03450273551596982,
            0.032448296570729895,
            0.031223982780270755,
            0.030954316961379517,
            0.031491449759297914,
            0.0321236305341772,
            0.0322096471928583,
            0.03159632862001359,
            0.03112414600149327,
            0.03090056188040068,
            0.03043419723202305
        ]
    },
    "vl": {
        "ce": [
            1.5799770218427065,
            1.4659871709802763,
            1.4116816478348821,
            1.3958380337947054,
            1.3787061738186195,
            1.3632838273308967,
            1.3694420864021843,
            1.3643163553352564,
            1.3603651197881645,
            1.3660123423149027,
            1.3768719133457852,
            1.3888337170817162,
            1.3985595888778812,
            1.4170485806595432
        ],
        "mse": [
            4.197578456232456,
            3.8332385583653474,
            3.5995541003232447,
            3.5139564353911603,
            3.4736332460179353,
            3.400108095400972,
            3.3530595227668845,
            3.358464658911762,
            3.3266015388275103,
            3.2826282606750237,
            3.3132843319835557,
            3.3173774917269014,
            3.316357360185821,
            3.385528640994609
        ],
        "acc": [
            0.4605036881533477,
            0.49148351011054764,
            0.5069665648246724,
            0.5107951533517551,
            0.5179501438075728,
            0.5228789144200705,
            0.5215324747269271,
            0.5246797009406845,
            0.527398381565438,
            0.5280663737508117,
            0.5267051504772218,
            0.5247842937382192,
            0.5246182685015631,
            0.5222632499829016
        ],
        "rmse": [
            0.06052604311558067,
            0.0465790243269723,
            0.04152866254453776,
            0.03847376999185711,
            0.037317152521852914,
            0.038214139915147764,
            0.040597359517517966,
            0.04005785851327122,
            0.04275014275898699,
            0.04155507137174489,
            0.04252733412336131,
            0.04310966175192041,
            0.04330994883460588,
            0.04368945566397873
        ]
    }
}