{
    "tr": {
        "ce": [
            6.751612940301144,
            5.169507045073554,
            4.705467684368202,
            4.391088219480071,
            4.138094284004877,
            3.925683821272756,
            3.736800319769577,
            3.56505916604732,
            3.4032962911218108,
            3.2488304140791637,
            3.105535200105109
        ],
        "mse": [
            10.815620285441033,
            7.397710637747789,
            6.555220230847859,
            5.993116061037632,
            5.556996004880652,
            5.198097802918213,
            4.884821647642884,
            4.605807657772123,
            4.343788198916175,
            4.097310729245581,
            3.8719528137242962
        ],
        "acc": [
            0.3786170552851164,
            0.49299719746769904,
            0.5279707794347385,
            0.5519476526959332,
            0.5717005534615426,
            0.5889178464311989,
            0.6044743714887514,
            0.6192093492278716,
            0.6331155875177595,
            0.6465795206755571,
            0.6592812903635192
        ],
        "rmse": [
            0.09129502688681997,
            0.0647095299734239,
            0.04879932350158438,
            0.04031368407393364,
            0.035726867619006515,
            0.03300251630798494,
            0.03123250601638309,
            0.029967326206780248,
            0.029152004495919637,
            0.0279186914115465,
            0.02662901711981009
        ]
    },
    "vl": {
        "ce": [
            5.689692351336036,
            5.233991623576221,
            4.979112304624964,
            4.905663864860117,
            4.768260623587937,
            4.746596383918178,
            4.760182910929612,
            4.746851940624049,
            4.766699129115037,
            4.787777582152945,
            4.83621548824623
        ],
        "mse": [
            8.28898977060787,
            7.495762903182233,
            7.000243201933272,
            6.863899240076868,
            6.60189483204826,
            6.5548295134403665,
            6.555314214503179,
            6.587322608369296,
            6.606057133830961,
            6.656940439359738,
            6.7846112537905165
        ],
        "acc": [
            0.4522846797939207,
            0.4880615865272251,
            0.5073943239092176,
            0.5137417593288943,
            0.5229895028585945,
            0.5249643508202392,
            0.5234845949163853,
            0.5245725956282329,
            0.5234840322550529,
            0.5244475980111158,
            0.5223510179037605
        ],
        "rmse": [
            0.07541576181563849,
            0.057521076180814396,
            0.049094200658464364,
            0.04423983189496186,
            0.04202096153539224,
            0.0400665972402187,
            0.03950134625078225,
            0.04128155794727509,
            0.04215004750084682,
            0.04329547605635038,
            0.042977020780611885
        ]
    }
}