{
    "tr": {
        "ce": [
            9.454872054347286,
            7.759477425328008,
            7.15600691654064,
            6.871953046233566,
            6.697740867756031,
            6.5540238585295505,
            6.4402555292624015,
            6.347100601196289,
            6.268959008676035,
            6.200784397478457,
            6.14551237212287,
            6.09378358523051,
            6.0242217523080335,
            5.966566508964256,
            5.922759835984972,
            5.888393109992698,
            5.847093303821705,
            5.813711059005172,
            5.7830624576851175,
            5.748779588981911,
            5.723437387678358,
            5.691761248200028,
            5.665411770078871,
            5.638517077410663,
            5.61061659389072,
            5.586346622396398,
            5.557821880976359,
            5.5323812198638915,
            5.508990043004354,
            5.481484409261633,
            5.460072961736609,
            5.439902063652321,
            5.417500845238014,
            5.388916208125927,
            5.360868600915979,
            5.338224329771819,
            5.313298109902276,
            5.29478210096006,
            5.275301907504047,
            5.249110205968221,
            5.2279029803805885,
            5.207550188347145,
            5.1896235130451345,
            5.16754209836324,
            5.14776588510584,
            5.128801252930253,
            5.110284051895142,
            5.088481070907028,
            5.068508622558029,
            5.051280126571656,
            5.032186892827352,
            5.010510714142411,
            4.99209138446384
        ],
        "mse": [
            36.737517485441984,
            22.968241806030274,
            20.193581555684407,
            18.8180521357501,
            18.003662283862077,
            17.31696712564539,
            16.802864974693016,
            16.406505348064282,
            16.042882346400507,
            15.723197931360316,
            15.464360077469438,
            15.23088642332289,
            15.022951995001899,
            14.787025644514296,
            14.564398701985677,
            14.409192410928231,
            14.215827553360551,
            14.04256429389671,
            13.904809230521874,
            13.745707264652959,
            13.619231625309697,
            13.466899331410726,
            13.338621064645272,
            13.228289195166694,
            13.11563513579192,
            12.998001075320774,
            12.872198775962547,
            12.76063906069155,
            12.674675020288538,
            12.547723620379413,
            12.461310761769612,
            12.38334512428001,
            12.273551760073062,
            12.157471028787118,
            12.049438429231996,
            11.96691424758346,
            11.860070073869494,
            11.78671357402095,
            11.719095778288665,
            11.604781660857023,
            11.532109698542842,
            11.450589531792534,
            11.407260349414967,
            11.31237686086584,
            11.222871194768835,
            11.161811411822283,
            11.095918405320909,
            11.031545954810248,
            10.946391159340187,
            10.884416910100866,
            10.818035448568839,
            10.741388301849366,
            10.686415079611319
        ],
        "acc": [
            0.3404214464866177,
            0.4573692187777272,
            0.49662269406848486,
            0.5142158674310755,
            0.5256196586290995,
            0.5350377723464259,
            0.5425198325625172,
            0.5486273260028274,
            0.5538010826817266,
            0.5583020954661899,
            0.5620243176707514,
            0.5653750118061348,
            0.5712147103415595,
            0.575213409309034,
            0.578066996689196,
            0.5801792656050788,
            0.5831043228838179,
            0.5853114993483932,
            0.5873281369827412,
            0.5895193987864035,
            0.5913020949893527,
            0.5933667650046172,
            0.5952067534570341,
            0.5970596180580281,
            0.5989431548118591,
            0.6006043242083655,
            0.6024566091873028,
            0.6044505327277714,
            0.6060795832121814,
            0.6080687326413614,
            0.6094631199483518,
            0.6107795249091255,
            0.6123010826552355,
            0.6144759953022003,
            0.6164613838990529,
            0.617885717065246,
            0.6194900287080695,
            0.6206836058033838,
            0.6219275293968342,
            0.6239256487510823,
            0.6252649135501297,
            0.6267634665524519,
            0.6280183854809513,
            0.6296459903540434,
            0.631056290379277,
            0.6323735650821969,
            0.6337206434762036,
            0.635071193156419,
            0.6365839236312443,
            0.6378243751879091,
            0.6392569562682399,
            0.6405950632360247,
            0.6420201214596077
        ]
    },
    "vl": {
        "ce": [
            8.24324499766032,
            7.414306109746297,
            7.01812957127889,
            6.832148933410645,
            6.687747319539388,
            6.588086996078491,
            6.491664705276489,
            6.4128148587544755,
            6.356246112187703,
            6.362771209081014,
            6.2768377017974855,
            6.229317452112833,
            6.1990575536092125,
            6.115096003214518,
            6.1115126673380535,
            6.09753849029541,
            6.069151560465495,
            6.0425494893391924,
            6.036819105148315,
            6.003328507741292,
            6.003688427607218,
            5.960817991892497,
            5.982467912038167,
            5.963941335678101,
            5.935143321355184,
            5.925363410313924,
            5.912150360743205,
            5.917611595789592,
            5.917519982655843,
            5.896735823949178,
            5.868914289474487,
            5.868409509658814,
            5.882234996159871,
            5.854770399729411,
            5.823049929936727,
            5.836357186635335,
            5.821800832748413,
            5.806975456873576,
            5.824801460901896,
            5.805401624043783,
            5.788271948496501,
            5.796146303812662,
            5.794474566777547,
            5.786236159006754,
            5.796529108683268,
            5.7880539703369145,
            5.819629052480062,
            5.773797963460287,
            5.774676361083984,
            5.775751056671143,
            5.776150398254394,
            5.7844344425201415,
            5.780794401168823
        ],