{
    "tr": {
        "ce": [
            3.779692871235164,
            2.9357402247159685,
            2.722467859187629,
            2.5862721099349293,
            2.4904020655593477,
            2.4136760750283446,
            2.3323099265812886,
            2.2646847709411184,
            2.2081925323472418,
            2.157108473980619,
            2.109881112981951,
            2.064579401324854,
            2.0230986929273067
        ],
        "mse": [
            4.583684361042566,
            3.4140739690855404,
            3.1432255962560762,
            2.9706366943103206,
            2.8498988084175854,
            2.754212522825475,
            2.655631424771439,
            2.573519359276817,
            2.502988006959241,
            2.4412371266109174,
            2.381685636609349,
            2.326546060680365,
            2.2755341797895032
        ],
        "acc": [
            0.30137334113804193,
            0.4068613205590678,
            0.4342742457247838,
            0.45287074946009687,
            0.46643827971952806,
            0.4771042657601221,
            0.48832969674039706,
            0.4979574233519926,
            0.5058126902460726,
            0.5132291657933346,
            0.5202669442442549,
            0.5269370296196313,
            0.533395802203155
        ]
    },
    "vl": {
        "ce": [
            3.1604071207385247,
            2.9296730049972326,
            2.833277505929353,
            2.755716496478013,
            2.730281593695364,
            2.704044599024976,
            2.688070031137414,
            2.6648203092194644,
            2.690503527557915,
            2.6889438678006656,
            2.6956622870893425,
            2.714212466458805,
            2.7353960220279587
        ],
        "mse": [
            3.6799542956013496,
            3.386461462153763,
            3.279370863255256,
            3.168426684994515,
            3.135333315270846,
            3.096935475784573,
            3.0865630155704062,
            3.0640819095522978,
            3.099845620126672,
            3.0915095832178503,
            3.1057975797053894,
            3.1302584699594256,
            3.1619131056988827
        ],
        "acc": [
            0.3820858130363819,
            0.4102178762763576,
            0.4275462567154827,
            0.4387071956295133,
            0.44110387062928713,
            0.4409081179424713,
            0.4453388751774538,
            0.4518498259245372,
            0.4478680502032973,
            0.4515383993911613,
            0.44901845282544206,
            0.44825679120795975,
            0.44668948788786195
        ]
    }
}