{
    "tr": {
        "ce": [
            2.507676828084169,
            1.9393453750786958,
            1.8070936817593044,
            1.7294137376326102,
            1.6709879551993476,
            1.6239515171227632,
            1.5851112384266324,
            1.5505270767211914,
            1.519515599851255,
            1.4919893081982931,
            1.4664827214346992,
            1.4440594236939042,
            1.4221231755503903,
            1.4020879252751668,
            1.3834467247680382,
            1.3646396988409537,
            1.3486009190700672,
            1.3318854792912802,
            1.3164177869867395,
            1.3018331267215588,
            1.2860024223504243,
            1.2718555833675242,
            1.257938657954887,
            1.2443837457233005,
            1.230797252036907,
            1.2179704800358524,
            1.2053571950947797,
            1.1929131960868835,
            1.1795382583582843,
            1.1680095511895638
        ],
        "mse": [
            38.39412187223081,
            22.795108947753906,
            20.26222204985442,
            18.811956539154053,
            17.677363431718614,
            16.761826724299677,
            16.024684679949726,
            15.383738673174824,
            14.77205642912123,
            14.255039085812038,
            13.796723625748246,
            13.412608891239874,
            13.006417560577393,
            12.675490114423964,
            12.36713471589265,
            12.033348748242414,
            11.794610055287679,
            11.526095684192798,
            11.25912990781996,
            11.06210584146005,
            10.800595511683712,
            10.594578124858716,
            10.38831783859818,
            10.186590207417806,
            9.98244334574099,
            9.801326021265101,
            9.629264056947497,
            9.445540514698735,
            9.265362553066678,
            9.105108999676174
        ],
        "acc": [
            0.29120226219572404,
            0.39771687516459714,
            0.43037920121793394,
            0.4492481253323732,
            0.4628980097064265,
            0.47371022001460744,
            0.4828550413802818,
            0.49075492631506035,
            0.4980898526200542,
            0.5049191362107242,
            0.5108284246700782,
            0.5162857453249119,
            0.5221433862712648,
            0.5268834032173509,
            0.531873130886643,
            0.5365888429791839,
            0.5405101396198626,
            0.5451257354683346,
            0.5490898565230546,
            0.5531221185348651,
            0.5575230149869566,
            0.5612291793470029,
            0.56525203788722,
            0.5689878593109272,
            0.5729266607761383,
            0.5764262271368945,
            0.5802163030924621,
            0.5837304806709289,
            0.5878799304255733,
            0.5911293521633855
        ]
    },
    "vl": {
        "ce": [
            2.0657345819473267,
            1.8864682722091675,
            1.7988593983650207,
            1.744344289302826,
            1.7028872887293498,
            1.6713660287857055,
            1.6419523127873739,
            1.6161967968940736,
            1.5952059920628865,
            1.5853237716356914,
            1.5672245995203653,
            1.5589706595738728,
            1.5484140086174012,
            1.5346852254867553,
            1.5301851232846577,
            1.531237796942393,
            1.516433695157369,
            1.5052191575368246,
            1.51018394947052,
            1.503998593489329,
            1.5040232181549071,
            1.50247004032135,
            1.5053225302696227,
            1.5056839036941527,
            1.4963989289601645,
            1.5029388491312663,
            1.505756947994232,
            1.505195864836375,
            1.5103671256701152,
            1.50905530611674
        ],
        "mse": [
            25.809037030537922,
            21.12124361673991,
            20.279696407318117,
            18.700646464029948,
            17.897845465342204,
            17.375192311604817,
            16.537538534800213,
            16.05126974105835,
            15.580476620992025,
            15.146143220265706,
            14.890224997202555,
            14.789452228546143,
            14.372813669840495,
            13.986849568684896,
            14.213381265004475,
            14.006880645751954,
            13.815908311208089,
            13.520427996317546,
            13.476847343444824,
            13.079798959096273,
            13.254392776489258,
            13.071075744628907,
            13.295667552947998,
            13.22182492574056,
            13.111579818725586,
            12.948199011484782,
            13.049372908274332,
            12.878138758341471,
            12.912623227437336,
            12.732072296142578
        ],
        "acc": [
            0.3649466198682785,
            0.40713281989097594,
            0.42760026633739473,
            0.4398086005449295,
            0.45011589090029397,
            0.4577070383230845,
            0.4626614636182785,
            0.46930469473203024,
            0.474009123245875,
            0.4759817777077357,
            0.4805729236205419,
            0.48235938330491385,
            0.48551563362280525,
            0.4873841202259064,
            0.49007032056649524,
            0.4897161551316579,
            0.4928437598546346,
            0.49463412404060364,
            0.49364714364210766,
            0.4964739672342936,
            0.4961614672342936,
            0.4990156332651774,
            0.49693229973316194,
            0.49807422697544096,
            0.49968229949474335,
            0.498540373245875,
            0.49999870638052624,
            0.5001341225703557,
            0.4999114678303401,
            0.5005703216791153
        ]
    }
}