{
    "tr": {
        "ce": [
            2.1345955677867043,
            1.659175640976708,
            1.5111620106330508,
            1.4103439756165663,
            1.3311946737987226,
            1.2645196857078573,
            1.2044891980744103,
            1.1502759805822473,
            1.0997570930227107,
            1.0522105717543084
        ],
        "mse": [
            27.266792127260935,
            16.556655242500316,
            13.965430539054951,
            12.32973549743439,
            11.130519005130106,
            10.189252277885444,
            9.387004855047856,
            8.690726069105827,
            8.063254044578272,
            7.49784082455028
        ],
        "acc": [
            0.3627130273659947,
            0.4616614262661431,
            0.49756593186780695,
            0.5236407290545324,
            0.5454975457692791,
            0.5646125677507795,
            0.5828025061212677,
            0.5995696358353271,
            0.6156322527207057,
            0.6310567168144787
        ]
    },
    "vl": {
        "ce": [
            1.8198634187380474,
            1.6783501834817272,
            1.6096236461498699,
            1.573738579215899,
            1.5617571811858422,
            1.5644767206223285,
            1.5838417368508428,
            1.607681926482362,
            1.6311106232346082,
            1.678914772356794
        ],
        "mse": [
            19.41794293565177,
            16.52037039480574,
            14.884268042819748,
            13.999365633302698,
            13.716463860266847,
            13.425250829894686,
            13.277633607061833,
            13.231748355542376,
            13.25344993768494,
            13.255904043958486
        ],
        "acc": [
            0.41584721480399534,
            0.4485446613668744,
            0.4620828062621622,
            0.47241398529276823,
            0.4771444957113005,
            0.47981782420411134,
            0.47937223258239975,
            0.47789767791664667,
            0.47788252237716006,
            0.47497620730777906
        ]
    }
}