{
    "tr": {
        "ce": [
            1.8382799207023197,
            1.427397216427692,
            1.320839976221187,
            1.2567104791587915,
            1.2102340064270452,
            1.1729820418669366,
            1.1409625154757204,
            1.1109060610510664,
            1.0839375240467342,
            1.0595757517362576,
            1.0357205505358054,
            1.0146818851598742,
            0.9947026002302027
        ],
        "mse": [
            5.253665275611402,
            3.7543392167631815,
            3.3660543158365144,
            3.133851150798421,
            2.971649752674549,
            2.8456980169308435,
            2.7434215881077577,
            2.645053310113198,
            2.560524604777658,
            2.483087685179906,
            2.4087515644156365,
            2.341393995995001,
            2.2804978052485283
        ],
        "acc": [
            0.40641272462512795,
            0.5060891188665279,
            0.5355317421196369,
            0.5543598540102375,
            0.5682711134707445,
            0.5796728415063216,
            0.5897360344275049,
            0.5991058945112481,
            0.6078701499963887,
            0.6157453923883209,
            0.6238278527275765,
            0.6307617839945373,
            0.63748924649258
        ]
    },
    "vl": {
        "ce": [
            1.5750775747611874,
            1.4743193658323235,
            1.4159891155899549,
            1.3886703015025197,
            1.3675311416224705,
            1.3680015707927975,
            1.366047925147854,
            1.3600763584095272,
            1.371185491645271,
            1.3758196044163626,
            1.3827547201367676,
            1.38632606303757,
            1.404278843454976
        ],
        "mse": [
            4.291576423280226,
            3.7946087545384475,
            3.6477116795836904,
            3.5157318633110797,
            3.3854409557222667,
            3.379696592932842,
            3.369915969384824,
            3.3563578529436082,
            3.4224362699060493,
            3.371379909945316,
            3.288242784679913,
            3.384622719118504,
            3.3820787967879915
        ],
        "acc": [
            0.4648705978618293,
            0.489603556896168,
            0.5059103308642496,
            0.5138503078554497,
            0.5200072662100765,
            0.5208110242593483,
            0.5224034403516946,
            0.5258209693138717,
            0.524998408767695,
            0.5248114464224362,
            0.5244118135646393,
            0.5252988170730611,
            0.5228220343264074
        ]
    }
}