{
    "tr": {
        "ce": [
            2.2409216491381327,
            1.6298734321417632,
            1.484989245556019,
            1.4088320954640707,
            1.3584650689584237,
            1.3203978033419008,
            1.2896145042666682,
            1.2637999431292215,
            1.2409428343066462,
            1.2201543215469077,
            1.201374020046658,
            1.1847207534754718,
            1.1691318932286014,
            1.154611704879337,
            1.1407954176266988,
            1.1277099563457347,
            1.1160893690144573,
            1.1049288494940157,
            1.0939436947857892,
            1.083218742520721,
            1.0738322483610223,
            1.0639951046749399,
            1.055738935691339,
            1.046829012941431,
            1.0379617677353046,
            1.0298078725514588,
            1.0220377376785985,
            1.0143716582104012,
            1.0065682642989688,
            0.9998028689843637,
            0.992500531496825,
            0.9858104177316029,
            0.9784154694610172,
            0.9717264535250487,
            0.9652250684632195,
            0.9590737107064989,
            0.952404567224008,
            0.9459204534689586,
            0.9397737095091078,
            0.9336769284583905,
            0.9272942271497514,
            0.921702790790134,
            0.9152683131783097
        ],
        "mse": [
            42.612293853759766,
            23.6853474383884,
            20.789647353843407,
            19.315430992974175,
            18.373596974125615,
            17.642519493103027,
            17.046502887584545,
            16.554226375155977,
            16.098791235464592,
            15.678028006377044,
            15.290839999163593,
            14.968600675794814,
            14.66269672535084,
            14.344675275308115,
            14.047522065904406,
            13.791328797517,
            13.556719777848986,
            13.336995523947257,
            13.110014298756917,
            12.900169439669009,
            12.716984336287886,
            12.51702875137329,
            12.34860902009187,
            12.190121134298819,
            12.017851707317211,
            11.865236166494864,
            11.702761168303313,
            11.570382561153835,
            11.412847340195267,
            11.292901970192238,
            11.156221295109502,
            11.037714030654342,
            10.899405379118743,
            10.784392310954907,
            10.667349560349075,
            10.548436438242595,
            10.443005087817157,
            10.32593665935375,
            10.215036852801287,
            10.105096107412267,
            9.993498857639453,
            9.901996652461865,
            9.78751524925232
        ],
        "acc": [
            0.34299899245715804,
            0.4686303589741389,
            0.505402208743272,
            0.5248368175824484,
            0.5378019499337232,
            0.547687946204786,
            0.5556731892073596,
            0.5619483628096404,
            0.5678634379969703,
            0.5730162154745173,
            0.5780036287396042,
            0.5821483046920212,
            0.5860581713694113,
            0.5900046415682192,
            0.5936393357206274,
            0.5970552784425242,
            0.6003110652058213,
            0.6032630325688256,
            0.606193587647544,
            0.6092770662131133,
            0.6117918237050375,
            0.6145295253064897,
            0.6168647408485413,
            0.619391939551742,
            0.6220839245231063,
            0.6243559149018041,
            0.6268013713536439,
            0.6288810879212838,
            0.6313145372602674,
            0.633219919513773,
            0.6352539180384742,
            0.6373495486930565,
            0.6397390164710858,
            0.6417134090264638,
            0.6435996932012064,
            0.6455805960849479,
            0.647477586975804,
            0.6495593286002124,
            0.6516362968639091,
            0.6535917364667964,
            0.6555777026547326,
            0.6573316085338593,
            0.6593087495256353
        ]
    },
    "vl": {
        "ce": [
            1.7692613299687703,
            1.5535244909922281,
            1.4585993353525797,
            1.407296927769979,
            1.3674838598569234,
            1.3336463109652201,
            1.317218948205312,
            1.2948026863733928,
            1.2776307725906373,
            1.2603361932436625,
            1.2493772157033285,
            1.245959058602651,
            1.2249837891260782,
            1.2198536467552186,
            1.213192811012268,
            1.2063682516415914,
            1.1971741724014282,
            1.1839579717318216,
            1.1826437532901763,
            1.1761375685532889,
            1.1723776749769848,
            1.1690004257361095,
            1.1651332918802897,
            1.1605339868863425,
            1.156602619489034,
            1.1565567715962728,
            1.152002139488856,
            1.1473974748452505,
            1.146024786233902,
            1.1501969659328461,
            1.1493254538377127,
            1.1447851320107778,
            1.1426020356019337,
            1.1431434285640716,
            1.1442522561550141,
            1.1477321406205496,
            1.1445477557182313,
            1.14140545129776,
            1.1424312726656596,
            1.147348607381185,
            1.1417154641946157,
            1.1431146593888601,
            1.1480157693227133
        ],
        "mse": [
            26.189150644938152,
            21.843473154703776,
            20.086314919789633,
            19.441469942728677,
            18.32083251317342,
            17.695671259562175,
            17.31616870244344,
            16.57618111928304,
            16.261989014943442,
            16.22134459177653,
            15.868545118967692,
            15.84606954574585,
            15.288372662862143,
            15.281485640207926,
            15.062677116394044,
            15.171637827555339,
            14.756859842936198,
            14.338543173472086,
            14.719270140329996,
            14.432499758402507,
            14.124070574442545,
            14.031321601867676,
            13.885820960998535,
            14.036767285664876,
            13.809165782928467,
            13.452676283518473,
            13.642948118845622,
            13.530248483022055,
            13.381606718699137,
            13.56678103129069,
            13.235089327494304,
            13.404598738352458,
            13.098920516967773,
            13.17058822631836,
            13.19552214304606,
            13.164753977457682,
            13.030943145751953,
            13.026415672302246,
            12.940752067565917,
            13.051872227986653,
            12.97909423192342,
            12.883943614959717,
            13.055393676757813
        ],