{
    "tr": {
        "qmse": [
            16.04091231028239,
            13.893202836446145,
            12.747132415794667,
            12.040958357306463,
            11.488781551719255,
            10.938221495045024,
            10.465860758317492,
            9.996961883410464,
            9.569446303061314,
            9.18105951611737,
            8.82736477465008,
            8.472003150587566
        ],
        "mse": [
            17.30224069626054,
            15.130182033539977,
            13.772969462088414,
            12.876840595777402,
            12.180219014485678,
            11.519449683461497,
            10.974301586249648,
            10.412749669646754,
            9.940831875518548,
            9.49365950514574,
            9.085838179499934,
            8.698021804840867
        ],
        "acc": [
            48.987246981437934,
            50.213986476733304,
            51.288354930201045,
            52.114081255971605,
            52.85979278252068,
            53.60856198116263,
            54.336612858840375,
            55.09261522511152,
            55.80134267540407,
            56.51135909742079,
            57.18694453687155,
            57.88191637888537
        ]
    },
    "vl": {
        "qmse": [
            15.334558679757874,
            14.188396350933555,
            13.540028289367593,
            13.317740479453665,
            13.52449606416004,
            13.349357724841175,
            13.144375489709155,
            13.14458475998842,
            13.275601375298422,
            13.29032280796864,
            13.618914704505212,
            13.95339178517868
        ],
        "mse": [
            17.01181642084174,
            15.5467399651887,
            14.857381739903017,
            14.574506622846009,
            14.819191485806241,
            14.699291947109451,
            14.425440281466708,
            14.33475798335883,
            14.473951593774263,
            14.485868559509028,
            14.867083617246868,
            15.209130814818085
        ],
        "acc": [
            49.404713959316084,
            50.47323348743668,
            51.084967128566056,
            51.53570152371307,
            51.46410829219662,
            51.791592911292945,
            52.05364259051495,
            52.25340564394258,
            52.2410998986067,
            52.373015872442004,
            52.11918440347161,
            52.06985463047288
        ]
    }
}