{
    "tr": {
        "qmse": [
            3.9881669046378216,
            3.4971911538085543,
            3.2762363885391523,
            3.1322320630143965,
            3.026577980820439,
            2.941559887374291,
            2.8642286997151496,
            2.7866413022420646,
            2.7409210171390908,
            2.6984191311054118,
            2.6396692218624036,
            2.5912623751384443,
            2.551361180337067,
            2.522823318780211,
            2.491648100422929,
            2.4500125050363626,
            2.4198740390034588,
            2.3833728461814703,
            2.363002547772957,
            2.3311949246779506,
            2.300173774058244,
            2.2819585542626672,
            2.2512732118648877,
            2.2232552441156805,
            2.1963160722424506,
            2.1773223489731217,
            2.1518561884611436,
            2.128593726637732,
            2.105077228369375,
            2.0891966920462615,
            2.0581990145180806,
            2.045448929750604,
            2.0326122029397813,
            2.0155165370964636,
            1.9992782373770288,
            1.9882983721994187,
            1.9701646409183966,
            1.9476050483133611,
            1.936656548490788,
            1.920515428774627,
            1.9155453264586508,
            1.911669257164581,
            1.8885466446451995
        ],
        "mse": [
            3.876483430148113,
            3.461649524154941,
            3.3156327831458987,
            3.207872213182823,
            3.1509930712587746,
            3.105365608355007,
            3.071557496427874,
            3.028848717003309,
            3.0088382646762937,
            2.9923211009406057,
            2.9606701431575786,
            2.9309124234091435,
            2.919826734250746,
            2.9124635031287776,
            2.8943240307486553,
            2.871658859264521,
            2.862657885463069,
            2.8505014473455215,
            2.836252343071445,
            2.8227011752831324,
            2.806218614443498,
            2.8054313123208052,
            2.7886549817939836,
            2.7768442116041596,
            2.7681488549227558,
            2.7684431936703926,
            2.751847745255836,
            2.7444308076503248,
            2.742103535221254,
            2.746775185362759,
            2.734997227828722,
            2.7409635458409842,
            2.7426957361099027,
            2.7322075677403417,
            2.7282180642690457,
            2.737645310422491,
            2.7284839827034184,
            2.722919021106281,
            2.734191776155085,
            2.7301051933980576,
            2.7352685863505886,
            2.7332361124091435,
            2.7209513015712297
        ],
        "acc": [
            48.63130462021134,
            46.69927159854613,
            45.7681407485824,
            45.4401415591905,
            45.25556379956918,
            45.21515769405736,
            45.27478766220386,
            45.45138907881719,
            45.56557595168374,
            45.59579926379652,
            45.672418023633654,
            45.56399734503446,
            45.739350097768394,
            45.78987024033986,
            45.75566707212343,
            45.829343403664375,
            45.99308662594216,
            45.92570825138921,
            46.11084859663141,
            46.42616998040904,
            46.46000397292288,
            46.648777583492304,
            46.687606228806985,
            46.261301551572245,
            46.4991602210135,
            46.3139985251376,
            45.940143920411025,
            46.32500629680782,
            46.872290808608994,
            46.9676016276095,
            46.319168877616114,
            46.88692111550258,
            46.991186297182544,
            47.10974355611132,
            46.77198764691777,
            46.872023764043476,
            47.06425133156436,
            47.083414659533446,
            46.98425928661071,
            47.10137438842932,
            47.14745174096153,
            47.896636337431254,
            47.823553490479355
        ]
    },
    "vl": {
        "qmse": [
            5.059177805165776,
            4.67093451915543,
            4.482616068561221,
            4.315752020624817,
            4.207310637163985,
            4.103749262179182,
            4.009057162889366,
            3.955846163418775,
            3.898637918826661,
            3.8461106471676643,
            3.8033747360354564,
            3.7694136477558993,
            3.7293339231626583,
            3.7241117345179364,
            3.6871995789105774,
            3.669325913236441,
            3.635024661574859,
            3.6231513502167876,
            3.6041066978798537,
            3.6074611525066564,
            3.5788107827061513,
            3.5690734265931967,
            3.5696845054626465,
            3.534448884549688,
            3.52585161839678,
            3.5095514635570715,
            3.526639766380435,
            3.5205704758727485,
            3.506043928242772,
            3.4931837831690014,
            3.508021037109563,
            3.492650437224758,
            3.4886721486602323,
            3.505918715169521,
            3.504624910693351,
            3.4992264991249544,
            3.502536446996074,
            3.503536725304817,
            3.5014238763050956,
            3.509895336432535,
            3.5289353096419998,
            3.540352741225821,
            3.5477167726214467
        ],
        "mse": [
            4.935674941930615,
            4.7268514616893285,
            4.592711291677965,
            4.489511737732288,
            4.447568103915355,
            4.411083942879745,
            4.359961466385367,
            4.354478033839679,
            4.320118141956017,
            4.312893952502579,
            4.289840424321389,
            4.2986803628056425,
            4.283062783421063,
            4.304625424530988,
            4.28959385521425,
            4.266257465862837,
            4.280897693230155,
            4.306582399404766,
            4.291857216853262,
            4.310832427173365,
            4.311718205285203,
            4.310931117156816,
            4.352695458573722,
            4.311442689166043,
            4.346136109750779,
            4.351142314613843,
            4.357486466566722,
            4.384048086372229,
            4.374488715265618,
            4.411214217462175,
            4.433219616204663,
            4.454610181636498,
            4.465988942508489,
            4.483878005072067,
            4.488696690139875,
            4.521860083269942,
            4.541817754669919,
            4.551765611588629,
            4.566423109646052,
            4.615482049887298,
            4.614508979633206,
            4.624746718367592,
            4.66236792854924
        ],