{
    "tr": {
        "qmse": [
            16.82163422073647,
            15.180009370442765,
            14.173088005921356,
            13.348684213546155,
            12.764419818207038,
            12.333101551643587,
            11.967832405057877,
            11.65627862819601,
            11.342169076032242,
            11.062485479866615,
            10.784030745073641,
            10.504591566420224,
            10.230343715936643,
            9.988078035796823
        ],
        "mse": [
            17.86755265149256,
            16.625888352696926,
            15.39087052143877,
            14.444731190442967,
            13.74520764369727,
            13.20307884807465,
            12.734362285211796,
            12.348745543990805,
            11.918325999412664,
            11.594441840729067,
            11.240319331124791,
            10.915226108866309,
            10.598635067442782,
            10.29892970421002
        ],
        "acc": [
            48.88566431123339,
            49.1652632884362,
            50.02145616162769,
            50.73461813862944,
            51.29567604411231,
            51.78165823012925,
            52.24625511630912,
            52.69021098010991,
            53.14163865288932,
            53.57038015400664,
            54.014447544237576,
            54.44845791031111,
            54.87378217535735,
            55.30717892601149
        ]
    },
    "vl": {
        "qmse": [
            15.538450023515628,
            15.01562293109998,
            14.20377239242929,
            13.895380040986941,
            13.68719692438678,
            13.522451484138196,
            13.481675021635379,
            13.5374703576656,
            13.43590483118276,
            13.59583007051645,
            13.81442923493724,
            13.463407016191326,
            13.691104275281312,
            13.596652664122034
        ],
        "mse": [
            17.14799244547151,
            16.557414035328097,
            15.576031666635815,
            15.23026186520936,
            14.959851459075844,
            14.82505628580604,
            14.840487137518293,
            14.76077799718888,
            14.686797379144554,
            14.727269240415813,
            14.95263185396872,
            14.636470424672945,
            14.726341448194994,
            14.734756546593754
        ],
        "acc": [
            49.1123002734992,
            49.56172173791896,
            50.31020625041482,
            50.58950319316218,
            50.86762608726168,
            51.066610005383936,
            51.407200692455625,
            51.46673370580204,
            51.72251849715175,
            51.77061017093763,
            51.64445755911655,
            52.00895562035139,
            52.00484640937034,
            52.094604775228134
        ]
    }
}