{
    "tr": {
        "ce": [
            9.412042081267746,
            7.737391384972466,
            7.173818715060198,
            6.815411300305967,
            6.56985971627412,
            6.365462165761877,
            6.215260344964487,
            6.0916379649550825,
            5.980678595790157,
            5.884342625935872,
            5.797705867555407,
            5.719378416626542,
            5.642305724532516,
            5.571491161275793,
            5.508944990370009,
            5.446544002603601,
            5.386784729780974,
            5.327796241265756,
            5.275522109844067,
            5.218598938341494,
            5.168036884025291,
            5.11832784793995,
            5.067088694395842,
            5.01976278340375,
            4.966306427849664,
            4.920933916657059,
            4.879086355279993,
            4.825639345380995,
            4.775840709474352,
            4.732147188893071,
            4.686698604513098,
            4.643158121285615,
            4.599438177038122,
            4.554560913509793,
            4.5140743153183545,
            4.474327776873554,
            4.430615317556593
        ],
        "mse": [
            38.44969037797716,
            21.894915919833714,
            19.112158535144946,
            17.61732342472783,
            16.60667781829834,
            15.76869000116984,
            15.090516831433332,
            14.539350997077094,
            14.032161100175646,
            13.598925161714908,
            13.231892877508093,
            12.893269324832492,
            12.58157320022583,
            12.282499434859664,
            12.051322275797526,
            11.791769301803024,
            11.565738460399487,
            11.333587180243597,
            11.121950624254016,
            10.925700432812725,
            10.749792794828062,
            10.564629374610053,
            10.380765837210197,
            10.209197367208976,
            10.026746859727082,
            9.87504625002543,
            9.734804704100997,
            9.57608989574291,
            9.422224209043716,
            9.27872667842441,
            9.13654714760957,
            9.015037891599867,
            8.88353109465705,
            8.74902213944329,
            8.626218917987964,
            8.515916590867219,
            8.382858687859994
        ],
        "acc": [
            0.23571875426504346,
            0.35654210646947226,
            0.39686212967943263,
            0.41975969943735336,
            0.4353343521224128,
            0.44790090315871767,
            0.4572854515579012,
            0.46508854726950327,
            0.47223640636161524,
            0.4786098156372706,
            0.484444306757715,
            0.4894632596439785,
            0.49485316234606286,
            0.49956106227857094,
            0.5039924867947896,
            0.5079693388497388,
            0.5119337499583209,
            0.5160965106001607,
            0.5195885533535922,
            0.5235089818857335,
            0.5268725525891339,
            0.5302874824294338,
            0.5341555384353355,
            0.5372931260312045,
            0.5411824479809514,
            0.5444411290795714,
            0.547228165600035,
            0.5511203818409531,
            0.5548868750201331,
            0.5581572744581434,
            0.5612239704308687,
            0.5645076796302089,
            0.5676321017300641,
            0.5709869909286499,
            0.5740905794390926,
            0.5769447460880986,
            0.5802601389090221
        ]
    },
    "vl": {
        "ce": [
            8.186194162368775,
            7.480073277155558,
            7.034709313710531,
            6.7778813298543295,
            6.586391983032226,
            6.4102927017211915,
            6.3113738600413,
            6.2299635728200276,
            6.183958034515381,
            6.107497835159302,
            6.038416032791138,
            5.980914669036865,
            5.94050316174825,
            5.908491846720378,
            5.865003191630046,
            5.845160837173462,
            5.836862723032634,
            5.800710471471151,
            5.790573879877726,
            5.761834030151367,
            5.762791906992595,
            5.775562286376953,
            5.711432345708212,
            5.7131286716461185,
            5.708191458384196,
            5.704585711161296,
            5.681856387456258,
            5.682518008550008,
            5.685056091944377,
            5.700457579294841,
            5.6979290453592935,
            5.670381892522176,
            5.6771149285634355,
            5.672384252548218,
            5.671895249684652,
            5.681199156443278,
            5.698426294326782
        ],
        "mse": [
            24.84007666269938,
            20.63754031499227,
            18.624884649912516,
            17.51691116968791,
            16.557880147298178,
            15.956159470876058,
            15.593808212280273,
            15.08584618250529,
            14.627684726715088,
            14.473612028757731,
            13.949933363596598,
            13.7053214263916,
            13.63134667078654,
            13.475039215087891,
            13.065977827707927,
            13.15857515970866,
            13.074299132029216,
            12.714430656433105,
            12.769119141896565,
            12.626025098164876,
            12.604512710571289,
            12.604262377421062,
            12.43221285502116,
            12.279532817204794,
            12.28731383005778,
            12.17284015973409,
            12.241580378214518,
            12.16929097811381,
            12.089542032877604,
            12.109666814804077,
            12.255414574941,
            12.081844374338786,
            11.99795487721761,
            12.018049453099568,
            12.117250280380249,
            11.914443012873331,
            12.028129666646322
        ],
        "acc": [
            0.3260872460405032,
            0.3751666726668676,
            0.4047890696922938,
            0.42181380768616994,
            0.43462891221046446,
            0.4456328189373016,
            0.45094531774520874,
            0.4555950576066971,
            0.45646354675292966,
            0.46284766296545665,
            0.4661549544334412,
            0.47092318574587505,
            0.4722981840372086,
            0.47673828919728595,
            0.47977604866027834,
            0.4808112057050069,
            0.4808880293369293,
            0.4834140686194102,
            0.48334766427675885,
            0.4858216238021851,
            0.48549610217412315,
            0.4828281342983246,
            0.4899453210830689,
            0.48925651888052624,
            0.49153125782807666,
            0.4897018301486969,
            0.4921901140610377,
            0.49047526756922405,
            0.4913632895549138,
            0.49056771596272786,
            0.4921211022138596,
            0.4933697994550069,
            0.49303516546885173,
            0.4921679782867432,
            0.4939583428700765,
            0.4930234452088674,
            0.49258855064709983
        ]
    }
}