{
    "tr": {
        "ce": [
            2.3647147581882297,
            1.8273048178108584,
            1.6803615051212735,
            1.5872287569130057,
            1.5170990736859071,
            1.4592955327983035,
            1.4103218792637442,
            1.366218362851405,
            1.326176507862025,
            1.2894080780951385,
            1.255127102870124,
            1.2226235448535328,
            1.1922533735610257
        ],
        "mse": [
            32.46691492660833,
            19.663321424059433,
            16.952617080477516,
            15.287427926563412,
            14.069441850407802,
            13.10773215298231,
            12.325849001330106,
            11.63715315169384,
            11.045466259597319,
            10.50961827811627,
            10.031186321592374,
            9.594289221541928,
            9.193343030250896
        ],
        "acc": [
            0.3223559928068054,
            0.42542939681805436,
            0.4588138165082007,
            0.48102378594371836,
            0.4979707054528955,
            0.51251360205342,
            0.5251646299323787,
            0.5370998678871,
            0.5482212019814289,
            0.5587922078213479,
            0.5687740121848386,
            0.5784637196308137,
            0.5876757156627949
        ]
    },
    "vl": {
        "ce": [
            1.9735796451568604,
            1.8035355083277969,
            1.7123313679721186,
            1.6677464451946196,
            1.624301381449882,
            1.5970640547288573,
            1.579051469844547,
            1.572987679249602,
            1.573028188911292,
            1.5744268874653051,
            1.5746183675495002,
            1.5846501500880132,
            1.5975553846098687
        ],
        "mse": [
            22.41658681859084,
            19.074152169983243,
            16.979706138860983,
            16.21377812057245,
            15.239191420091306,
            14.85422468576275,
            14.181967429124592,
            13.98757469067808,
            13.911452441919046,
            13.609911350604614,
            13.534541222567116,
            13.453543342527796,
            13.416068836639488
        ],
        "acc": [
            0.38737374613356723,
            0.4218575023318249,
            0.44122225803429965,
            0.4499952039920567,
            0.4621313684950761,
            0.467810479669623,
            0.4717457599001504,
            0.47397445777400593,
            0.47592640892078314,
            0.4764643173888733,
            0.47711578768784885,
            0.4764512973567827,
            0.47651042500154567
        ]
    }
}