{
    "tr": {
        "qmse": [
            15.972129698329985,
            13.999278322102198,
            12.831332506650996,
            12.136482205734323,
            11.609861958392736,
            11.13123140650946,
            10.6403240788059,
            10.206276875214531,
            9.798718111234681,
            9.431395708482267,
            9.082290756343816,
            8.764716013482696
        ],
        "mse": [
            17.268761575131457,
            15.183113827527167,
            13.832823786392142,
            12.969018442078008,
            12.321200627246116,
            11.726167913556859,
            11.155344354820194,
            10.630227505200832,
            10.172409202943127,
            9.756545247512905,
            9.366146681555787,
            8.986141810189697
        ],
        "acc": [
            48.97277566916455,
            50.12904955999571,
            51.21946678050055,
            52.01484035826208,
            52.72079632659699,
            53.42268209278457,
            54.14050868020453,
            54.855462820904485,
            55.5295799648606,
            56.17663581767585,
            56.81931903499196,
            57.46601051343897
        ]
    },
    "vl": {
        "qmse": [
            15.154753610736034,
            14.147341465038028,
            13.707877787084527,
            13.217909548451992,
            13.331030953777292,
            13.086926423786768,
            13.06429252598455,
            13.15358131309676,
            13.079102492723308,
            13.453340817018937,
            13.198656426101435,
            13.494513128624588
        ],
        "mse": [
            16.638093278707704,
            15.666324149064028,
            15.017745765831952,
            14.466803579382558,
            14.64246544421045,
            14.27130278863542,
            14.246192731492506,
            14.396008457642436,
            14.15999237435763,
            14.6884150778661,
            14.370293397069629,
            14.693002548374114
        ],
        "acc": [
            49.47983988972961,
            50.494888750581794,
            50.904553933221784,
            51.49787702684194,
            51.530749403713834,
            52.00249833650276,
            52.208675957116924,
            52.28415402721186,
            52.452368268875475,
            52.3134188166733,
            52.51397176192758,
            52.43524904133844
        ]
    }
}