{
    "tr": {
        "qmse": [
            16.7710750655757,
            14.187515123170837,
            13.58526022634909,
            13.118105754197387,
            12.720247105818974,
            12.402068287070781,
            12.09099985654142,
            11.766862281293935,
            11.474998621620403,
            11.206404826228868,
            10.963500492335887,
            10.730554076466868,
            10.5033375485912,
            10.28931422539302,
            10.073462709254748,
            9.848281062000684,
            9.660911225504659
        ],
        "mse": [
            17.13046793559517,
            15.692088742054766,
            15.247147082558014,
            14.679360547351171,
            14.137088322125102,
            13.690148699287223,
            13.274508407868646,
            12.82555508620831,
            12.423384297259924,
            12.057516661939271,
            11.710648010726832,
            11.386722616278556,
            11.066442074365654,
            10.798287636818621,
            10.523838088418966,
            10.252592455685157,
            10.013067892857578
        ],
        "acc": [
            57.19025727283335,
            57.40003394558958,
            58.04715517696658,
            58.75209855004597,
            59.38494430056317,
            59.9704010748856,
            60.55081329313827,
            61.140420872619615,
            61.70953215164676,
            62.267499223953685,
            62.798023961011275,
            63.310471571024266,
            63.81732729096356,
            64.28549097903554,
            64.73739462868126,
            65.19765319051949,
            65.6164503865458
        ]
    },
    "vl": {
        "qmse": [
            14.471843955295334,
            14.259775232096187,
            13.869420037243536,
            13.634458230492847,
            13.482390190082821,
            13.279210671701067,
            13.221930697967446,
            13.1085587837657,
            13.172459317035363,
            13.121175706060857,
            13.16929187540148,
            13.097428992797768,
            13.14945503010776,
            13.595970496453875,
            13.939326928612964,
            13.45137957666741,
            13.484865171661793
        ],
        "mse": [
            15.898349410197774,
            15.969315283936881,
            15.74810741898792,
            15.512215336815256,
            15.244674530185637,
            14.996196796333855,
            14.88358471693237,
            14.714500250060702,
            14.718067897473528,
            14.593270058188933,
            14.483107284118569,
            14.488184681355628,
            14.5347514582462,
            14.968094242075102,
            15.424417916542845,
            14.72347300560748,
            14.778680710193237
        ],
        "acc": [
            57.5386154928494,
            57.92350913168954,
            58.372621189375394,
            58.81107112423318,
            59.20326490708388,
            59.539554622329646,
            59.91001869322824,
            60.20427895862548,
            60.47867687999225,
            60.7132974462431,
            60.92031782930666,
            61.04337559208844,
            61.180990624948926,
            61.12846983749358,
            60.80568130713343,
            61.32649329027843,
            61.489616562434236
        ]
    }
}