{
    "tr": {
        "qmse": [
            15.513762510572658,
            13.565344922052114,
            12.861817460768638,
            12.333269719981887,
            11.832664445409366,
            11.337376293459405,
            10.900347249481099,
            10.532873165712498,
            10.179087658560192,
            9.85850408699548,
            9.55056100962409,
            9.260865592405956,
            8.997684810850549
        ],
        "mse": [
            16.54093481943043,
            15.255626608339425,
            14.325302600715704,
            13.606097214709514,
            12.918754758171238,
            12.251219974032146,
            11.657363220754998,
            11.1610659051905,
            10.697488031355453,
            10.303241404310544,
            9.904365925251334,
            9.550758096810279,
            9.214561013674091
        ],
        "acc": [
            57.24766174553738,
            58.19219909370652,
            59.329796217741915,
            60.28421618988433,
            61.214434236641246,
            62.12775136916625,
            62.99541479945002,
            63.76485232885251,
            64.52596924725871,
            65.20649476168693,
            65.895438105529,
            66.53523456358468,
            67.1719474583837
        ]
    },
    "vl": {
        "qmse": [
            14.199202541445123,
            13.673089919845914,
            13.591555244935666,
            13.236233199229005,
            13.171314704613607,
            12.997489908353879,
            13.037568803693427,
            12.739781936009726,
            13.126865724396836,
            12.939072555531569,
            13.050739141109863,
            13.355514729609254,
            13.20668654884797
        ],
        "mse": [
            16.080523191253995,
            15.420274992458156,
            15.30341351879099,
            14.990914899794781,
            14.877064479504778,
            14.519363411137315,
            14.402666639109126,
            14.036401293968243,
            14.43156226606317,
            14.251250634427931,
            14.299062302855194,
            14.533390049074518,
            14.410221071191172
        ],
        "acc": [
            57.85869330656333,
            58.78372729801741,
            59.481452014602596,
            59.98289266733524,
            60.26464418961051,
            60.83725137137324,
            61.25272274668751,
            61.61963288249865,
            61.707331280890706,
            61.78766555799161,
            62.004718477608726,
            61.96367090028492,
            62.066823740800224
        ]
    }
}