{
    "tr": {
        "qmse": [
            16.59739199209199,
            15.207064738138872,
            14.241466107537992,
            13.436842560804351,
            12.890209538782306,
            12.41300168177959,
            12.057416207375262,
            11.720580413688538,
            11.43533677715764,
            11.158993184620831,
            10.890304933163723,
            10.647995095237052,
            10.379403662297618
        ],
        "mse": [
            17.792493256853184,
            16.58970882232629,
            15.416593925744992,
            14.522155557422064,
            13.871964221955505,
            13.304411297255974,
            12.83900271908051,
            12.438646803942541,
            12.06000853410719,
            11.724636246534294,
            11.378818336644459,
            11.081035835407528,
            10.773299755350285
        ],
        "acc": [
            48.89790053264017,
            49.136930834518964,
            49.94333115112307,
            50.62478617743785,
            51.19129927170671,
            51.668671305075996,
            52.1274557395461,
            52.55478603323337,
            52.99186818652586,
            53.42125420112517,
            53.84266750767614,
            54.26029200721968,
            54.6806109753904
        ]
    },
    "vl": {
        "qmse": [
            15.540525967957544,
            15.166809958838375,
            14.36943848015832,
            14.007051447050168,
            13.821871042251587,
            13.449512974160616,
            13.586947353811212,
            13.26557395367023,
            13.65693440593657,
            13.39496264040796,
            13.442101000436669,
            13.38302733598511,
            13.449666825799994
        ],
        "mse": [
            17.09815460215501,
            16.704453005816767,
            15.804681655487727,
            15.308212379288804,
            15.137315536457333,
            14.739856141512512,
            14.836580368990456,
            14.513238673653108,
            14.862565740210112,
            14.501561018938576,
            14.661360270338632,
            14.503584754923002,
            14.532200352090303
        ],
        "acc": [
            49.063739009567946,
            49.58289659739844,
            50.17252697970698,
            50.59410319790814,
            50.772435246595265,
            51.133656713480505,
            51.267728616631096,
            51.510695078985286,
            51.4085241842791,
            51.764078381283035,
            51.69680773234758,
            52.03971446700435,
            51.956616008216564
        ]
    }
}