{
    "tr": {
        "qmse": [
            18.561807348169623,
            14.618046197511621,
            14.407863773425927,
            14.081018459177495,
            13.783146580313883,
            13.506049934255067,
            13.267414733726758,
            13.050538050009102,
            12.846591389313254,
            12.66518576403803,
            12.512466974006312,
            12.36264186744377,
            12.237589546627856,
            12.113569024050355,
            11.994780850243837,
            11.863573179242097
        ],
        "mse": [
            18.360677348194567,
            15.745532031770681,
            15.67434477943738,
            15.563381749132562,
            15.34520168211713,
            15.078580878056933,
            14.807899311080742,
            14.523588400486934,
            14.261904005365363,
            13.992225942840623,
            13.764153792625573,
            13.56649254434053,
            13.370066036536171,
            13.170603712436023,
            12.997659219865268,
            12.81301520610428
        ],
        "acc": [
            57.28567381174649,
            57.13740716731066,
            57.23914180400342,
            57.48370083875839,
            57.796858381044174,
            58.14700607143612,
            58.492687193320826,
            58.83021875378282,
            59.154166913764236,
            59.481083593336656,
            59.792721871002506,
            60.10507469081618,
            60.40524229819345,
            60.70302647140315,
            60.98792516725182,
            61.27602977797602
        ]
    },
    "vl": {
        "qmse": [
            14.465093458936513,
            14.521808436659516,
            14.574151110779392,
            14.154414240779772,
            13.96498638945199,
            13.812402123310527,
            13.71427070899088,
            13.57427184829295,
            13.524803488632369,
            13.657033052600799,
            13.454674154031473,
            13.548265324264277,
            13.571017512858239,
            13.750629384660982,
            13.577522439383419,
            13.586092614085297
        ],
        "mse": [
            15.777278371195976,
            15.853614882693265,
            16.117127197036325,
            15.848549940547006,
            15.781611357881724,
            15.62559973998148,
            15.588546859762056,
            15.416338527137464,
            15.26305674855175,
            15.4091616028645,
            15.153337288423966,
            15.209892900915094,
            15.170969693387141,
            15.288715739067786,
            15.091629561179323,
            15.124460086145037
        ],
        "acc": [
            57.60514971499886,
            57.48643604784064,
            57.62801097878993,
            57.812031566119586,
            58.00048150325733,
            58.338275885647114,
            58.56173265664304,
            58.76052467549434,
            58.96394831723854,
            59.13091396373478,
            59.33952485440207,
            59.47509095317027,
            59.664319813902914,
            59.76740856313966,
            60.01858248736689,
            60.04765532055839
        ]
    }
}