{
    "tr": {
        "ce": [
            1.7576333743683368,
            1.3762288940818577,
            1.2749468156973376,
            1.2138605913975362,
            1.1707823121848349,
            1.135113557360883,
            1.1052682531600808,
            1.0784475331391943,
            1.0535822885444337,
            1.0305987452888372,
            1.0098910344222947,
            0.9900549901759722
        ],
        "mse": [
            12.070972698215147,
            8.308439534690669,
            7.414669491099355,
            6.883693870531683,
            6.513888635087687,
            6.21933071999447,
            5.979444100841567,
            5.769481373354861,
            5.5734965552750495,
            5.39570967820016,
            5.242218338077606,
            5.088132723237707
        ],
        "acc": [
            0.4398584868945691,
            0.5320176597026951,
            0.5593228577589489,
            0.576596731764319,
            0.5893328399579962,
            0.6001129501570832,
            0.609110203712264,
            0.6172124857925709,
            0.6250349201354818,
            0.63243382703711,
            0.6390471646069249,
            0.6454990998802487
        ]
    },
    "vl": {
        "ce": [
            1.512570313417195,
            1.405756277464778,
            1.3631650557934911,
            1.3309254691900452,
            1.3253910175112427,
            1.3096701913192623,
            1.3048709992502556,
            1.3121367626177156,
            1.3141910059204518,
            1.3114220594447819,
            1.3151165665498847,
            1.3185271112645258
        ],
        "mse": [
            9.448565892183064,
            8.378402889751998,
            8.033428227966601,
            7.693247617919589,
            7.7211841442545905,
            7.479086623165776,
            7.250062155593288,
            7.387674502336262,
            7.297261740991978,
            7.27546158644671,
            7.230266302661166,
            7.235491455578413
        ],
        "acc": [
            0.49103449903876406,
            0.5182949410435932,
            0.527902042279478,
            0.5396411037021648,
            0.5398750897150874,
            0.5442661038839101,
            0.5476614080491613,
            0.5462179742549937,
            0.546082932440961,
            0.5490673953881029,
            0.5476313372615909,
            0.5483120131850894
        ]
    }
}