{
    "tr": {
        "ce": [
            3.7859373992426133,
            2.957354320722016,
            2.7399643717185955,
            2.6063896005039915,
            2.5119143191603897,
            2.4350366959706586,
            2.3715083328868363,
            2.313904115799458,
            2.2611773853351265,
            2.213531007813089,
            2.168665983292224,
            2.1252262301808686,
            2.084802614994159,
            2.0459950775478575
        ],
        "mse": [
            4.60095196594695,
            3.4537079834133904,
            3.1746356816177346,
            3.0035770335700223,
            2.8840085348797513,
            2.7860675678902287,
            2.7050967594657904,
            2.6325122490729,
            2.5669194648636036,
            2.5073793404589884,
            2.451379430000632,
            2.3975083892449027,
            2.346424224890318,
            2.298245393045403
        ],
        "acc": [
            0.30137665261322333,
            0.40248668830433143,
            0.43070160002376634,
            0.449030351716673,
            0.4625225343428206,
            0.47329390879388783,
            0.4824073414913393,
            0.4907866932906774,
            0.4983644988427442,
            0.5051767582119652,
            0.5119719377171845,
            0.5183355647881536,
            0.5246018257882956,
            0.530640382864163
        ],
        "rmse": [
            0.07232342485538806,
            0.05099423516760188,
            0.03974022179676728,
            0.034356426644025516,
            0.031556323607599655,
            0.030102617260429752,
            0.029295558950928016,
            0.028486984458462476,
            0.027883470163147742,
            0.027469332153059654,
            0.026891845528322744,
            0.02634532361502743,
            0.025578700993079902,
            0.024978285460115674
        ]
    },
    "vl": {
        "ce": [
            3.1792362459370347,
            2.9552314216321935,
            2.836198659868188,
            2.7722742375128906,
            2.7472171418653812,
            2.7267159692576675,
            2.6983365374184696,
            2.701942646764015,
            2.695458293286829,
            2.720308283313376,
            2.7217966533098066,
            2.7321410879411334,
            2.7423838103403813,
            2.747123761255233
        ],
        "mse": [
            3.720776975480585,
            3.4343316164173063,
            3.2940217673452827,
            3.2107986045665426,
            3.1683464952505354,
            3.1462209084646298,
            3.111274360958996,
            3.1174338140774296,
            3.1188533582974003,
            3.1445462465937672,
            3.1507591113366717,
            3.166992322669003,
            3.179937869147525,
            3.185363477370778
        ],
        "acc": [
            0.37533745389492784,
            0.40394235516343613,
            0.42351158911901743,
            0.4352549806318648,
            0.43756661702537797,
            0.4382276415743463,
            0.44464115558263384,
            0.4448833345471184,
            0.44941909289588045,
            0.4448205211856326,
            0.4452703492156143,
            0.4442733204185637,
            0.4477110336142811,
            0.4439283677381896
        ],
        "rmse": [
            0.058564224387290045,
            0.04590763448345694,
            0.04067877692277314,
            0.036996952593937274,
            0.03592634848395332,
            0.035896690664151326,
            0.03508720928141491,
            0.03615597697086836,
            0.03612456434085721,
            0.036959349279561654,
            0.0376719906977047,
            0.03784398384432975,
            0.037258212836306606,
            0.0378043236964143
        ]
    }
}