{
    "tr": {
        "ce": [
            9.605293008663036,
            7.908272147708469,
            7.394691971672906,
            7.044728233196118,
            6.800888383300216,
            6.630676531615081,
            6.518062253881384,
            6.424489485069557,
            6.343590272974085,
            6.264799807513202,
            6.195613282168353,
            6.1346669161761245,
            6.079389585565638,
            6.028517427444458,
            5.978842537844622,
            5.9320988407841435,
            5.894045491748386,
            5.854237301437943,
            5.815003750765765,
            5.781502432999788,
            5.749700666356969,
            5.7174967264246055,
            5.685892494342945,
            5.657994358627884,
            5.628669753251252,
            5.604659277951276,
            5.577585660439951,
            5.55247600308171,
            5.527706205579969,
            5.505596276742441,
            5.480671377182007,
            5.455994109754209,
            5.433430270442257,
            5.410781767809833,
            5.388875118538185,
            5.368787709695321,
            5.346655369158144,
            5.325854453687315,
            5.303624366830896,
            5.283847060380158,
            5.259285923639934,
            5.243423820424963,
            5.222670883249354,
            5.199623021373043,
            5.183919325934516,
            5.164664908868295,
            5.144537923954151,
            5.126866970062256,
            5.106119200741803,
            5.0853444131215415,
            5.067583903206719,
            5.049998584323459,
            5.0299671367362695,
            5.011890071233114,
            4.996312189102173,
            4.976604496284767,
            4.956441792028921,
            4.939508730217263,
            4.922029443670202,
            4.904280683376171
        ],
        "mse": [
            40.82963814912019,
            23.107409073158546,
            20.14956563596372,
            18.5926326334918,
            17.645885493667038,
            16.959787267049155,
            16.468025906174272,
            16.05791357534903,
            15.721748770961055,
            15.391806694313331,
            15.08845509564435,
            14.812555043962266,
            14.553295810134323,
            14.330511519114177,
            14.095070134622079,
            13.887092985930266,
            13.721611643190737,
            13.546842954423692,
            13.369010378519693,
            13.209749987566912,
            13.06580370231911,
            12.931746501216182,
            12.790122276588722,
            12.667603175551802,
            12.545717676657217,
            12.455461278844762,
            12.32452388410215,
            12.222881665406403,
            12.113381271362305,
            12.02201638257062,
            11.92238844341702,
            11.807247801180239,
            11.734924936647769,
            11.63222646077474,
            11.547233072916667,
            11.463804042957447,
            11.378078729841445,
            11.310535122200294,
            11.201868572941533,
            11.137568540219908,
            11.034197849697536,
            10.983475940139206,
            10.89600774694372,
            10.816348484887017,
            10.748240477244059,
            10.694786586055049,
            10.616090953261764,
            10.540685397960521,
            10.47485979044879,
            10.394305381774902,
            10.324457182354397,
            10.25819521162245,
            10.193140677699336,
            10.13611239892465,
            10.09292464291608,
            10.016325443409107,
            9.9442693484271,
            9.878860577477349,
            9.827609948758726,
            9.765900551831281
        ],
        "acc": [
            0.2221129957931461,
            0.34430078705151873,
            0.3804419909141682,
            0.404905532863405,
            0.42094980321548603,
            0.4311937270561854,
            0.43792376193735333,
            0.44400420195526547,
            0.4496265975413499,
            0.45521542849364105,
            0.4599594966349778,
            0.46422989545045074,
            0.4678784785005781,
            0.4712637502838064,
            0.47447685771518283,
            0.4776663832973551,
            0.48015654590394763,
            0.48299667881594766,
            0.4855308229172671,
            0.4878735598590639,
            0.489968322692094,
            0.49200362472622483,
            0.494212536878056,
            0.49600376968030574,
            0.49803067946875534,
            0.49956887510087755,
            0.5013317514790429,
            0.502920727023372,
            0.5045146226441418,
            0.5060772668432306,
            0.5077210747533374,
            0.5094077069671066,
            0.510811498341737,
            0.5123517183683537,
            0.513888610844259,
            0.5151348485990807,
            0.5166407804798197,
            0.5180850803852082,
            0.5194201507833269,
            0.520827702637072,
            0.5225272101384623,
            0.5236666791085843,
            0.5250341548080798,
            0.5266289185153114,
            0.5276287745987928,
            0.5291349941050565,
            0.5305237390597661,
            0.5316076506067205,
            0.5331814357969495,
            0.5345383508117111,
            0.535727008846071,
            0.5369975528452131,
            0.5383346474612201,
            0.5397571012488118,
            0.5408606892824173,
            0.542122408107475,
            0.5436208168886326,
            0.5445791498157713,
            0.545955306203277,
            0.5471781075221521
        ]
    },
    "vl": {
        "ce": [
            8.391284866333008,
            7.6525347042083744,
            7.302188154856364,
            6.993056529362996,
            6.792384729385376,
            6.680934553146362,
            6.577482913335165,
            6.534632689158122,
            6.417103258768718,
            6.359572296142578,
            6.330470180511474,
            6.2614190419514975,
            6.219622653325398,
            6.18736964225769,
            6.145295445124308,
            6.1207611433664955,
            6.0819074122111,
            6.0516785049438475,
            6.064316329956054,
            6.01733141263326,
            6.0205673122406,
            6.001039587656657,
            5.961973110834758,
            5.970368900299072,
            5.943012879689534,
            5.948872140248617,
            5.895124114354451,
            5.921989781061808,
            5.8924929078420005,
            5.878169272740682,
            5.874435787200928,
            5.835886084238688,
            5.8652505143483475,
            5.834394175211589,
            5.834436276753744,
            5.843482453028361,
            5.812902905146281,
            5.810812689463297,
            5.813383261362712,
            5.8006157938639324,
            5.795611248016358,
            5.779224100112915,
            5.779119288126628,
            5.7688172245025635,
            5.764337228139241,
            5.752525291442871,
            5.772815831502279,
            5.751384048461914,
            5.743576650619507,
            5.784695771535238,
            5.745648600260417,
            5.736797787348429,
            5.741311744054158,
            5.744499759674072,
            5.723888753255208,
            5.754375956853231,
            5.7492656421661374,
            5.743447802861532,
            5.7354959297180175,
            5.734939947128296
        ],