{
    "tr": {
        "ce": [
            2.0635079642578407,
            1.5341331551693105,
            1.4280250755945842,
            1.376804055902693,
            1.3443459369518138,
            1.3196382047511914,
            1.3027838457955254,
            1.2884016284236202,
            1.2765333210097418,
            1.2660253044410987,
            1.2566747316607723,
            1.2478497823962458,
            1.2413377958756906,
            1.234414249084614,
            1.2271866652700636,
            1.2215501883294848,
            1.2166884059376186,
            1.2104840725439565,
            1.2069483713750486,
            1.2029327577131765,
            1.1984521385475442,
            1.1945703874693976,
            1.189533678955502,
            1.1859987529118856,
            1.1827022035916646,
            1.178118365429066,
            1.1750011256889061,
            1.1709590210738006,
            1.1670396820704143,
            1.163610871721197,
            1.1601403601964315,
            1.1568930892591123,
            1.1518784480624729,
            1.1481103969503332,
            1.144913395863992,
            1.14226407289505,
            1.1375980929092124,
            1.134102696224495,
            1.1307961589318734,
            1.1274960401323106,
            1.1231927166161715,
            1.1198141553666856,
            1.115493412371035,
            1.1141557225474605,
            1.110146698333599,
            1.1064412571765758,
            1.1034670572369187,
            1.1008616062446877,
            1.097318403146885,
            1.0942155487890597,
            1.09107393361904,
            1.089264218630614,
            1.0858443103013216,
            1.0830383423522667,
            1.0801674424277412,
            1.0772768406956283,
            1.0747248171435462,
            1.0721223801595194,
            1.0692257575635558,
            1.0662034003381375,
            1.0646914276370296,
            1.0615920414748015,
            1.059747315954279,
            1.0568813244943265,
            1.054710613400848
        ],
        "mse": [
            37.831215707284436,
            21.79978047971372,
            19.701568027072483,
            18.717863195207382,
            18.11640188429091,
            17.64013764558015,
            17.31265757596051,
            17.05472359833894,
            16.79878865701181,
            16.597130701983417,
            16.3822216351827,
            16.19046698605573,
            16.05883463047169,
            15.895906889880145,
            15.729557531144884,
            15.582322318465621,
            15.475206031092892,
            15.32670735111943,
            15.227362144611499,
            15.135425430580423,
            15.017430423454002,
            14.9241695856165,
            14.788209840986465,
            14.705848314497207,
            14.637885078147606,
            14.519173530296044,
            14.448643131256103,
            14.372832033369276,
            14.285004317672165,
            14.222306096818713,
            14.153194409829599,
            14.085517349243164,
            13.97577984350699,
            13.89925984983091,
            13.845763331519233,
            13.781455833293773,
            13.684721785651313,
            13.610876409742568,
            13.565496049810339,
            13.498674911216453,
            13.392194242124205,
            13.343773538801406,
            13.244011592158564,
            13.239460731788919,
            13.14160796907213,
            13.075160705425121,
            13.00639523046988,
            12.969423728519017,
            12.87911516684073,
            12.824588978378861,
            12.770193349343758,
            12.733078155517578,
            12.659011502442537,
            12.617142320562293,
            12.546327027921324,
            12.489467444243255,
            12.44378938321714,
            12.39751607188472,
            12.350879968713832,
            12.284767772533275,
            12.236629368817365,
            12.187759694699889,
            12.158719675276014,
            12.089104917314318,
            12.063954031202528
        ],
        "acc": [
            0.3758715335203818,
            0.4943511365078114,
            0.5227142764683123,
            0.5358067247602675,
            0.5443794972145999,
            0.551229033337699,
            0.5556759374229996,
            0.5592819841261263,
            0.5623815217283037,
            0.5650253297222985,
            0.5672722921989583,
            0.5694935023784637,
            0.571251313774674,
            0.5729810589331168,
            0.5748077369177783,
            0.5760254751311408,
            0.5774681838353475,
            0.5789755613274045,
            0.5797961640357971,
            0.5810222920223519,
            0.5820794389424501,
            0.5831906951356817,
            0.5843996066958816,
            0.5853903468008395,
            0.5860089819961124,
            0.5873457881256386,
            0.5880086929709823,
            0.5891276166615663,
            0.5898920834947515,
            0.590667258059537,
            0.5914923435670358,
            0.5921707297696007,
            0.5934699194078092,
            0.5943758797204053,
            0.5951050466078299,
            0.5959380904833476,
            0.5968957008697369,
            0.597728310028712,
            0.5984524134794871,
            0.5993971465693579,
            0.6006047569822383,
            0.6011185023519728,
            0.6022271531599539,
            0.602799201409022,
            0.603637020058102,
            0.6045201213271529,
            0.6055693120868118,
            0.606086528301239,
            0.6072886395454407,
            0.6078816667751029,
            0.6087061747356698,
            0.609158865875668,
            0.6101034554287239,
            0.6108097626544811,
            0.6116465684219643,
            0.612442142036226,
            0.6130017485883501,
            0.613486702574624,
            0.6145798741005085,
            0.6153171422746446,
            0.6157676622602675,
            0.6166464232515406,
            0.6170458736243072,
            0.6180332878342382,
            0.6184372225955681
        ]
    },