{
    "tr": {
        "ce": [
            1.8352493388570938,
            1.3697104006326515,
            1.2478983607997796,
            1.1709770265954202,
            1.1128429125884642,
            1.0651871990701125,
            1.0244680901169234,
            0.9879847179245927,
            0.9553197949934571,
            0.9253151012713045,
            0.8967197310848463,
            0.8697879813573021,
            0.8443147959733799,
            0.8197830313790065
        ],
        "mse": [
            29.565990664755383,
            17.99357114262727,
            15.581927044490882,
            14.068236402884256,
            12.962316744597768,
            12.072613518493801,
            11.333924363645439,
            10.699289720060614,
            10.150610258716176,
            9.659770360365352,
            9.195155504951721,
            8.769556831712238,
            8.375941744549085,
            8.005505689332928
        ],
        "acc": [
            0.43124797713861607,
            0.5343220973315481,
            0.5637510801223736,
            0.583462295199701,
            0.5991923998677958,
            0.6126334848501008,
            0.6248067650922488,
            0.6360476609603571,
            0.6463696801057524,
            0.656303579250899,
            0.6658094281738778,
            0.674974124723566,
            0.683792397936801,
            0.692522623081839
        ]
    },
    "vl": {
        "ce": [
            1.4996534765092402,
            1.3471468866197138,
            1.2763258093367509,
            1.2331881448219382,
            1.205223113949833,
            1.1807636055138593,
            1.169071586079936,
            1.1634103673729088,
            1.1595276276596258,
            1.1608431678000695,
            1.1629918427740942,
            1.169431119505825,
            1.1868040423249937,
            1.2030150794266352
        ],
        "mse": [
            20.390520353786282,
            17.296655847726623,
            15.835454552551436,
            14.80332813627733,
            14.099030437365256,
            13.56377681487245,
            13.325770547481183,
            13.015665710949508,
            12.833502976620784,
            12.697192123027447,
            12.642908936641255,
            12.588547509876106,
            12.675598509324704,
            12.729094986055719
        ],
        "acc": [
            0.5008314224214502,
            0.5344427835420181,
            0.5515368968411222,
            0.5620269917888068,
            0.5687970790218134,
            0.5751357699026827,
            0.578955251255322,
            0.5809377241330068,
            0.5836122259904778,
            0.5844355273605044,
            0.5852421776193087,
            0.5857385712894586,
            0.5842722334334107,
            0.5820811028526129
        ]
    }
}