{
    "tr": {
        "ce": [
            1.7054521723454283,
            1.3144123222066508,
            1.2231586210563241,
            1.1709860393755416,
            1.1359615501246167,
            1.1106899990495016,
            1.090804765721434,
            1.0757299592631886,
            1.0632147145322013,
            1.0526581407680007,
            1.0406105635159648,
            1.0303512482938706,
            1.0194042623314732,
            1.0084987391964784,
            0.9974409827741219,
            0.9871067763715122,
            0.9768660644273633,
            0.9672992825689232,
            0.9583041551662991,
            0.9492790611164796,
            0.9410821487207393,
            0.9338432727016529,
            0.9264815170798972,
            0.9180642972779253
        ],
        "mse": [
            26.323691560808413,
            16.795589041905505,
            14.922947410970645,
            13.8367105699607,
            13.118284541906393,
            12.584784138278735,
            12.171543452559327,
            11.858281855668677,
            11.5950777574862,
            11.38333822289197,
            11.147976645217845,
            10.9721467546401,
            10.787976449255304,
            10.608720626703551,
            10.429847257690058,
            10.258722877038789,
            10.088564187695791,
            9.925972861165661,
            9.778593604813155,
            9.630078860526025,
            9.49890315630486,
            9.385403252343428,
            9.25984871507017,
            9.12143743251892
        ],
        "acc": [
            0.4581392516493254,
            0.5480300799777391,
            0.5709607639199729,
            0.5846399866639934,
            0.5944472731916566,
            0.6018479966494277,
            0.60790687429981,
            0.6125069198475098,
            0.6164711878785823,
            0.6196671556245589,
            0.623266223443384,
            0.6261136077957942,
            0.629055556248329,
            0.6320987751294834,
            0.635243514811366,
            0.6381527630799594,
            0.6412518045091585,
            0.6440185827348269,
            0.6467803289411423,
            0.6496363778999604,
            0.6522762241859054,
            0.6545656486797825,
            0.6568991545303655,
            0.6596854343779432
        ]
    },
    "vl": {
        "ce": [
            1.4165645238480282,
            1.2996131829876718,
            1.2477301396633107,
            1.2113469690898728,
            1.193295917387217,
            1.1879290712010013,
            1.1670664130338555,
            1.1542374817400032,
            1.1484066747902522,
            1.1433382177613471,
            1.1416837693563575,
            1.1342944973479203,
            1.1233046761627405,
            1.1235780172009286,
            1.1221055096941568,
            1.1181312410232147,
            1.1158297192203543,
            1.1163669702459553,
            1.1067412138962356,
            1.1189053122137413,
            1.113356917119417,
            1.1107577210892745,
            1.1072684637184351,
            1.1156125965991306
        ],
        "mse": [
            18.638121696117796,
            16.046544502341682,
            14.96181774399971,
            14.444509332948694,
            13.937000669416834,
            13.774586057402397,
            13.447815984976096,
            13.044297366845804,
            12.933860522150342,
            12.656413638526624,
            12.824800311541948,
            12.624866836057986,
            12.338961954325274,
            12.436032009906457,
            12.441315538896237,
            12.267018195709895,
            12.132047986723686,
            12.185520936882561,
            12.03108245036641,
            12.095183958772752,
            12.033974208466994,
            11.855726080514042,
            11.897184816214557,
            12.062724668471539
        ],
        "acc": [
            0.5202012985456185,
            0.5471288090358015,
            0.5610200136574239,
            0.5689594122718592,
            0.5739321961917513,
            0.5765599499308998,
            0.5827635224562525,
            0.5858441243569056,
            0.5876290464336104,
            0.5895383044507334,
            0.5903022658140933,
            0.5918634861219124,
            0.5948916824300432,
            0.5945956185867226,
            0.5951269107763885,
            0.5962125509977341,
            0.5973846383922087,
            0.5968229282097738,
            0.5994553768732509,
            0.596735839961005,
            0.5986047546720245,
            0.5990001823895615,
            0.5997877292782883,
            0.5978950126086428
        ]
    }
}