{
    "tr": {
        "ce": [
            1.6431955282031059,
            1.2342053870233276,
            1.1131520067004583,
            1.0313370469601022,
            0.9662006914307737,
            0.9101698293181691,
            0.8601617142082674,
            0.8142371568698645,
            0.7711602088818975,
            0.7307014361734776
        ],
        "mse": [
            25.284365368845688,
            15.330893593043116,
            12.981880193494149,
            11.47951508669533,
            10.361568751722004,
            9.435136482368591,
            8.640676699232381,
            7.953943453382772,
            7.32515075771108,
            6.761162563284564
        ],
        "acc": [
            0.4700766856587158,
            0.5657969536081486,
            0.5980350759861789,
            0.6218651837579605,
            0.6423283315690156,
            0.6607620807014241,
            0.6778412122597487,
            0.694158927624945,
            0.7095792980152074,
            0.7243645195901594
        ]
    },
    "vl": {
        "ce": [
            1.3690001156812157,
            1.243104872156362,
            1.1953774641771786,
            1.1703738689096899,
            1.165874535757336,
            1.1800100964600924,
            1.1830788033256114,
            1.2142297298204703,
            1.2458777658926332,
            1.272720965205646
        ],
        "mse": [
            17.8113042148736,
            15.179277018771145,
            13.980489101566253,
            13.365007864321516,
            12.789585724554426,
            12.60469155103131,
            12.617102078401325,
            12.46587862473368,
            12.868182665663339,
            12.64726687129078
        ],
        "acc": [
            0.5285399699471688,
            0.5579374897512582,
            0.5695142920225695,
            0.5773698030436625,
            0.5812723195292259,
            0.5801510306003966,
            0.5823250846947478,
            0.5805858429826674,
            0.5783420966459754,
            0.5777715261353821
        ]
    }
}