{
    "tr": {
        "ce": [
            2.2496924958885423,
            1.6867260989792185,
            1.5353871053274335,
            1.4439871598072451,
            1.3769575822900328,
            1.3218144414563266,
            1.2738575179393585,
            1.2304804249035846,
            1.1907653793380166,
            1.153580447671914,
            1.1188666785389991,
            1.0859867698224037
        ],
        "mse": [
            6.645215101569519,
            4.5720416164369215,
            4.117509432238889,
            3.8211717870741837,
            3.595866862998042,
            3.4055932549784083,
            3.2424414528064616,
            3.0926804316511127,
            2.958156735148701,
            2.833989120985881,
            2.7188312057592485,
            2.611822321146174
        ],
        "acc": [
            0.3215283212843129,
            0.44666571131378496,
            0.4830093741217706,
            0.5055055322164607,
            0.5226727487359211,
            0.5376803090745502,
            0.5513510092237154,
            0.5641041505086825,
            0.5760226758806513,
            0.5875282853760281,
            0.598516503245372,
            0.6092029999578227
        ]
    },
    "vl": {
        "ce": [
            1.8482512434323628,
            1.6653769234490525,
            1.5787460667188051,
            1.538342100023572,
            1.502059845976491,
            1.4886071538664605,
            1.476377185902309,
            1.4794077720147012,
            1.476757005264199,
            1.4828689375210329,
            1.4936608639571185,
            1.505312000793186
        ],
        "mse": [
            5.076944394189804,
            4.493018860373992,
            4.210471688072538,
            4.0975249175165525,
            3.8859293467360114,
            3.847365779954879,
            3.7683104960644833,
            3.7369429863215795,
            3.6975090803344393,
            3.7112564402199832,
            3.684260251092129,
            3.703369724945944
        ],
        "acc": [
            0.402705000357224,
            0.4464587659620848,
            0.4667930215027163,
            0.47595073575856256,
            0.4844690231514759,
            0.48880946758340615,
            0.49203005376083603,
            0.4943254625862413,
            0.49618686247067373,
            0.49650886833993463,
            0.4958262807521664,
            0.49604020711502744
        ]
    }
}