{
    "tr": {
        "ce": [
            2.0107737023647125,
            1.5117066440086748,
            1.3702070258084635,
            1.2738225772655398,
            1.1949412682903315,
            1.126450303331837,
            1.065517307088499,
            1.0087964764593293,
            0.9565583395400116,
            0.9073746648649067
        ],
        "mse": [
            5.808191946450427,
            4.056241919732826,
            3.5796242253608668,
            3.2473797632256236,
            2.9763847752133246,
            2.751365791371223,
            2.55413737249244,
            2.3718067507945233,
            2.2107154224752765,
            2.0605742290222113
        ],
        "acc": [
            0.372725371725006,
            0.48693278840304655,
            0.5232903535008901,
            0.5502295803875229,
            0.5736345577587729,
            0.595084024196481,
            0.6150829913188026,
            0.6341265005494497,
            0.6519761403727699,
            0.6691587730875423
        ]
    },
    "vl": {
        "ce": [
            1.6755764927368997,
            1.5439669235807951,
            1.4840992894329008,
            1.4730015800950305,
            1.4597274117131052,
            1.4852439829560578,
            1.4947211576289818,
            1.5274642376951832,
            1.5705659047501985,
            1.623024229469195
        ],
        "mse": [
            4.593886163065342,
            4.076312685273384,
            3.8712771192925874,
            3.740985691873102,
            3.6608031893688473,
            3.6896819071691542,
            3.6838033681358797,
            3.68238451539493,
            3.676375031145544,
            3.702411945074634
        ],
        "acc": [
            0.4407883012473909,
            0.4729959038518817,
            0.4879022155140267,
            0.4919274060126862,
            0.4983496762852851,
            0.4954793181250004,
            0.4965051959772579,
            0.494401678442955,
            0.4917843894717472,
            0.48850984439823797
        ]
    }
}