{
    "tr": {
        "ce": [
            2.0844105133275717,
            1.5951647745805901,
            1.4891043880434247,
            1.4295633875899894,
            1.386924380735944,
            1.3553231862206403,
            1.3298610096389274,
            1.3080633386439808,
            1.2890268935508113,
            1.2718289429856737,
            1.2553167213461964,
            1.237899607092151,
            1.2223586344277015,
            1.2063960416887134,
            1.191174229638115,
            1.1767326815082686,
            1.162123654034318,
            1.1479741250515998,
            1.1350223766710577,
            1.1220244588695447,
            1.109465513863994
        ],
        "mse": [
            6.0241235496424785,
            4.26013268818793,
            3.9153749856569235,
            3.70165260879148,
            3.537859870973817,
            3.4135845615957257,
            3.3154747206474355,
            3.230205949263455,
            3.1556483743691364,
            3.0966429654605045,
            3.0384960567215877,
            2.9825569143848774,
            2.9343965746138605,
            2.88574931223825,
            2.83864829012124,
            2.7975555822429814,
            2.752333921416847,
            2.7073439512162976,
            2.6677599936334313,
            2.6276890423043597,
            2.589990012300156
        ],
        "acc": [
            0.3572202769706076,
            0.47006417246293747,
            0.4953547872351644,
            0.5103262668139882,
            0.5217639725826244,
            0.5306492025042261,
            0.5379260794365164,
            0.5444009704670982,
            0.5501866717535614,
            0.5552177339004405,
            0.5600545524065706,
            0.5649751096067368,
            0.5695148465192198,
            0.5739477695537823,
            0.5784318620801443,
            0.582536498524432,
            0.586984543733704,
            0.5912296555571844,
            0.5951307663001829,
            0.5991524709680094,
            0.6032072081097858
        ]
    },
    "vl": {
        "ce": [
            1.7229425004922627,
            1.5903465106187622,
            1.5286526689763928,
            1.4895560050922665,
            1.4733259619259444,
            1.4565474794862048,
            1.4475961770516275,
            1.4322995361083193,
            1.417778809213899,
            1.415278437684794,
            1.4101369908598602,
            1.4153576346694445,
            1.4008598067069966,
            1.400979307179894,
            1.4051666598502404,
            1.3950641888086912,
            1.3993302295442487,
            1.4059277629591729,
            1.408080975051786,
            1.409809101963304,
            1.4218457720644486
        ],
        "mse": [
            4.579643531575229,
            4.287105714037119,
            4.011695110732741,
            3.843602701614463,
            3.7466652393341064,
            3.690132405588536,
            3.7071908699358747,
            3.639669283165958,
            3.5270040650836756,
            3.532152388265224,
            3.5059213973785357,
            3.567678305620704,
            3.4378244740064026,
            3.4527454568388682,
            3.4425043343194845,
            3.4524083749844077,
            3.444879735753836,
            3.4767080457484134,
            3.435579573847557,
            3.454977502588366,
            3.4424906659647414
        ],
        "acc": [
            0.43632875904033747,
            0.4673526223972847,
            0.4817476747303061,
            0.4910810825114693,
            0.4958090462156984,
            0.49918956561981004,
            0.5036119413994701,
            0.5067245732646822,
            0.5120306258481708,
            0.5123352410851932,
            0.5144872564435656,
            0.5126667887460991,
            0.5172035496254437,
            0.5187745257967808,
            0.5173418578880081,
            0.5200626408793235,
            0.5190778212631987,
            0.517422688789055,
            0.5183763043150875,
            0.5183342092675589,
            0.5152191290519929
        ]
    }
}