{
    "tr": {
        "ce": [
            6.72800232131805,
            5.140177386975585,
            4.654858604385947,
            4.337468342736151,
            4.088196141493063,
            3.878072565357506,
            3.689414911160024,
            3.5167689179982937,
            3.352582736639801,
            3.2026872947128373,
            3.060422339724828
        ],
        "mse": [
            10.752168282300497,
            7.375253431053011,
            6.5139120161913695,
            5.951755984001195,
            5.518915290855702,
            5.16627909788713,
            4.855935129051475,
            4.569384244900277,
            4.304640913111068,
            4.06538761513315,
            3.836038633959158
        ],
        "acc": [
            0.38097161850579303,
            0.49884143951670157,
            0.5381287030810029,
            0.5624244621697619,
            0.5819560689101716,
            0.5989973606472138,
            0.6147449726719365,
            0.6293113683900802,
            0.6434672097238282,
            0.6563055136579758,
            0.6689319477114624
        ]
    },
    "vl": {
        "ce": [
            5.678911231254619,
            5.152092493948389,
            4.936266617045376,
            4.784373794097067,
            4.719661675515722,
            4.678736611142185,
            4.692560527494045,
            4.709052533399864,
            4.7233302508547,
            4.734842649574488,
            4.761546399423985
        ],
        "mse": [
            8.217723081672126,
            7.346474616253962,
            6.905920700948746,
            6.689631864672801,
            6.556019356993378,
            6.468495225645805,
            6.482841211589959,
            6.578460185254206,
            6.622147917747498,
            6.667827163237692,
            6.682565902100235
        ],
        "acc": [
            0.4520931020786202,
            0.49829474645234195,
            0.5134761005314321,
            0.5280819103691747,
            0.5337055424849192,
            0.5368617120010605,
            0.5363433915572088,
            0.5354985436780857,
            0.5355741943492264,
            0.5360979477727348,
            0.5336283844351117
        ]
    }
}