{
    "tr": {
        "ce": [
            4.184002532237426,
            3.173552574049336,
            2.964995879019984,
            2.820855247326007,
            2.711054947918869,
            2.6261151770768794,
            2.5540727323690327,
            2.4899822395646947,
            2.4334776444987156,
            2.38131151685451,
            2.3321140665154587,
            2.28481123259784,
            2.242318223001601,
            2.2009381979151503,
            2.160414227342504
        ],
        "mse": [
            5.111806974335667,
            3.7065249758627377,
            3.448368924108185,
            3.264390239596765,
            3.1249451556853414,
            3.0177562501936905,
            2.9265732868070553,
            2.8469037142469324,
            2.776542649302429,
            2.7098136828395596,
            2.648421509002922,
            2.5890214352649745,
            2.5354796078965065,
            2.483737165751844,
            2.432968814515734
        ],
        "acc": [
            0.25800747287339965,
            0.3785453877598274,
            0.4035649604074356,
            0.42049461960864987,
            0.43423215646904606,
            0.44485740580481986,
            0.45418245910656413,
            0.462513359365982,
            0.4698307948321131,
            0.4769061517929169,
            0.48354591081947296,
            0.4901242928188356,
            0.49596885564804655,
            0.5018771219963507,
            0.5076656847223254
        ]
    },
    "vl": {
        "ce": [
            3.418657320444701,
            3.139555031158885,
            3.0054633575059024,
            2.907529461253536,
            2.8591318690711685,
            2.814251700385672,
            2.7954493940202263,
            2.7818545747975834,
            2.783576080382196,
            2.766775731831952,
            2.770718534136079,
            2.7707530979901716,
            2.797532037307656,
            2.814182862558,
            2.8144170189164375
        ],
        "mse": [
            3.9910531447884816,
            3.6626182309265345,
            3.489243289812015,
            3.352588349678477,
            3.307021155709126,
            3.2345707237394783,
            3.2113861975774087,
            3.20093404953597,
            3.2041392854002657,
            3.1872517020324542,
            3.186396879902303,
            3.1883773494287917,
            3.226510230635033,
            3.2521610790914526,
            3.249607378667821
        ],
        "acc": [
            0.3492506795812174,
            0.38639267049526255,
            0.40326943431721357,
            0.41400776135791195,
            0.4231290923523121,
            0.4303978755255866,
            0.4308709332037493,
            0.4341416789697168,
            0.43398127428006605,
            0.4344665420348527,
            0.43614336579549506,
            0.4354554089040704,
            0.4339071291961957,
            0.43068155406114184,
            0.4334731537217651
        ]
    }
}