{
    "tr": {
        "ce": [
            1.8035917181405061,
            1.4466551262279732,
            1.36658275540351,
            1.3210444909683734,
            1.2883847353850335,
            1.2566349799782988,
            1.2278949176240062,
            1.201109530896048,
            1.1783398814347694,
            1.1574636357999144,
            1.1398481649672938,
            1.1231445169709657,
            1.1080440852425446,
            1.0941296805367575,
            1.0817571464587548,
            1.0686710100158012,
            1.0574561520681958,
            1.04661134565467,
            1.035516110298953
        ],
        "mse": [
            12.50836674937431,
            8.893441741859903,
            8.144392532550322,
            7.710226460743443,
            7.423968769213741,
            7.164473188789157,
            6.939615404232771,
            6.725278566181388,
            6.549413163913343,
            6.375755372796512,
            6.234219165096092,
            6.103612058106906,
            5.978194157644739,
            5.870637094311641,
            5.777730941917352,
            5.6663072096906655,
            5.58306322486087,
            5.498887757985507,
            5.410494647030409
        ],
        "acc": [
            0.4302493368143307,
            0.5152884394120605,
            0.5364602804002846,
            0.5493621810596064,
            0.5580299492122843,
            0.5663580005562294,
            0.5739035438310408,
            0.5809337606331527,
            0.5873246283489171,
            0.5934917081528904,
            0.598823293948456,
            0.6038723981912938,
            0.6085980111833258,
            0.6127778175427029,
            0.6166684589499002,
            0.620946140374068,
            0.6245006743407618,
            0.6279145543135541,
            0.631518974433877
        ]
    },
    "vl": {
        "ce": [
            1.5635892087644567,
            1.4694663250381177,
            1.4322345878908542,
            1.389302245906142,
            1.3769804382584785,
            1.3550880460139831,
            1.339218998053035,
            1.3373157201243229,
            1.3439876971349038,
            1.3267042806239728,
            1.32478958661439,
            1.3300011426698966,
            1.3217912539432608,
            1.3127101029528947,
            1.3270539986631258,
            1.3212378832811866,
            1.3202355471465106,
            1.3192843252518138,
            1.3313280635518454
        ],
        "mse": [
            9.890511093243875,
            8.98432504283926,
            8.635614001685804,
            8.2204922405097,
            8.080054931953304,
            7.867509892729462,
            7.755982384655645,
            7.744967172706062,
            7.614748679875024,
            7.5389295523283915,
            7.468671983708449,
            7.443130861866019,
            7.480831555330036,
            7.324141945343851,
            7.348744716800627,
            7.38891195729782,
            7.387427891538443,
            7.344109077922633,
            7.350406920323606
        ],
        "acc": [
            0.4811040108483997,
            0.5044007560268777,
            0.5137658364297263,
            0.5256237109990719,
            0.5277277933118122,
            0.5328384389479955,
            0.5391254496704685,
            0.5377871083920119,
            0.5360163949389275,
            0.5410587026284692,
            0.5421932861616051,
            0.5411688226982544,
            0.5430959247337664,
            0.5460541137580663,
            0.5426116284451198,
            0.5461631353761329,
            0.5466591380332988,
            0.5463723537863278,
            0.5452430131005459
        ]
    }
}