{
    "tr": {
        "ce": [
            1.8803811458351765,
            1.4994190384717887,
            1.414815063535968,
            1.3676323867141205,
            1.330294796595346,
            1.2974475659848854,
            1.2665952470519195,
            1.2397331023643676,
            1.2162433394687366,
            1.1949273514841798,
            1.1757054810681917,
            1.1584292356817965,
            1.1417399172506155,
            1.126652724907341,
            1.1123527982466057,
            1.0985300411970844
        ],
        "mse": [
            5.3872698536400225,
            3.973257664958962,
            3.6437699239835735,
            3.4530204692824347,
            3.314311336435036,
            3.207250589224677,
            3.112508537196273,
            3.0307420967053367,
            2.9543235774316963,
            2.8870423278414488,
            2.8271349097993443,
            2.7738380616140814,
            2.71929464605361,
            2.673660760301111,
            2.625490950871586,
            2.5825721041767187
        ],
        "acc": [
            0.3970740095431235,
            0.48880667255954224,
            0.5116168258400972,
            0.5249904803467609,
            0.5353143279022158,
            0.5440137634357758,
            0.5523157977778945,
            0.5597606874714866,
            0.5666632953837664,
            0.5730527501198993,
            0.5787565996312907,
            0.5841526251837534,
            0.5896313690516188,
            0.5944536945009188,
            0.598994250809737,
            0.6037137744565099
        ]
    },
    "vl": {
        "ce": [
            1.6350662630112445,
            1.5099631293875273,
            1.469792874458709,
            1.4479838645523364,
            1.4403391148223252,
            1.4141953085941044,
            1.394488452887926,
            1.400950548101644,
            1.3781570144038382,
            1.3848542890262083,
            1.3688391378668487,
            1.3759079253087279,
            1.3839204001947831,
            1.3847541243977886,
            1.3890387940276516,
            1.3982549358586795
        ],
        "mse": [
            4.378173955151292,
            3.9736874986216018,
            3.757729912064766,
            3.7482787093829586,
            3.6964536455811046,
            3.5500952546062363,
            3.547383810653061,
            3.5247704898073375,
            3.446600552465095,
            3.4331580856458737,
            3.380775164385311,
            3.4402105668203427,
            3.424630527613593,
            3.4425829049668026,
            3.397676213517215,
            3.427290107708811
        ],
        "acc": [
            0.4509486622823392,
            0.4822941537274689,
            0.4929691362169271,
            0.5013285876948976,
            0.5025249139858725,
            0.5080565099344879,
            0.5148724512161453,
            0.512809144831746,
            0.5189055521142939,
            0.517997293280122,
            0.5217227331601857,
            0.5210096655321903,
            0.5199608415202365,
            0.5208739958337096,
            0.5211762538373145,
            0.5181761585135277
        ]
    }
}