{
    "tr": {
        "ce": [
            1.7588724352892537,
            1.375172599330567,
            1.2735277331733879,
            1.212063631689755,
            1.1688554052232936,
            1.1324973801500129,
            1.1021218771124568,
            1.0748130969275316,
            1.0500422943801149,
            1.0274229639933414,
            1.0067605656427079,
            0.9875315846153684
        ],
        "mse": [
            12.091295621924688,
            8.303658977898012,
            7.411161256249427,
            6.87035759760956,
            6.503076126060382,
            6.199630657324708,
            5.955062160300687,
            5.742874874165992,
            5.540281954886739,
            5.372469079925528,
            5.212258619437715,
            5.0685637928149285
        ],
        "acc": [
            0.43970048056014926,
            0.5323595363149813,
            0.5595200572902038,
            0.577048460787388,
            0.5897675363968948,
            0.6006811426715335,
            0.6098398685962442,
            0.6183696304255798,
            0.6262992111356451,
            0.6332731668581828,
            0.6398135424928076,
            0.6462048841660163
        ]
    },
    "vl": {
        "ce": [
            1.52531411738995,
            1.41390877212983,
            1.3544191356565132,
            1.342434698115281,
            1.315955235984156,
            1.310936897504525,
            1.2990330859937302,
            1.3023446311390465,
            1.3051229570407035,
            1.3114207367428015,
            1.3083646185085422,
            1.3221641329468274
        ],
        "mse": [
            9.364399502186176,
            8.209388607838115,
            7.939792510590267,
            7.794635737528567,
            7.518045072998506,
            7.414809778088429,
            7.336583015045833,
            7.279486477700739,
            7.259808783974153,
            7.154045544035448,
            7.190828492732647,
            7.297102142552861
        ],
        "acc": [
            0.48807436325510994,
            0.5159220274517445,
            0.5315584550952651,
            0.5349181314798,
            0.5415983732606544,
            0.5454859755566863,
            0.5487722297672366,
            0.5479741855397251,
            0.5488325314280765,
            0.548578329832176,
            0.5498831128813529,
            0.5488151716567128
        ]
    }
}