{
    "tr": {
        "ce": [
            3.8702911417088006,
            3.09554602693403,
            2.9275331282753307,
            2.8130287179393414,
            2.7322957554112737,
            2.673367660699808,
            2.6229213675044294,
            2.5805682250700688,
            2.541450390733147,
            2.5063516501053167,
            2.4734662362993833,
            2.443695783107993,
            2.416659369362918,
            2.3908730390694175,
            2.3673689082124536,
            2.3431692889887885,
            2.3189995670275136,
            2.2949553432163228
        ],
        "mse": [
            4.68659010559402,
            3.5928636713616213,
            3.371577820564903,
            3.218907207313985,
            3.1134370341195194,
            3.040607042567631,
            2.9779364926515832,
            2.9265624174264673,
            2.8791971537741583,
            2.8353639598749067,
            2.79659079411442,
            2.760000566478487,
            2.726340217671471,
            2.695111203722518,
            2.666023557217278,
            2.637123509403856,
            2.6065207757836815,
            2.577234836089796
        ],
        "acc": [
            0.29098081677802307,
            0.3834932095118476,
            0.4042680500778736,
            0.41897583495009383,
            0.4299252163273554,
            0.4378807673661479,
            0.44477789214917207,
            0.45018791190689006,
            0.45549916562719645,
            0.4600793537181476,
            0.46477170821490965,
            0.46866111542924277,
            0.47259693233048944,
            0.47606421322925446,
            0.4797419515995587,
            0.4830603058198345,
            0.485981293468626,
            0.48918077485498346
        ]
    },
    "vl": {
        "ce": [
            3.27674029466233,
            3.085568627373117,
            2.9759825956626016,
            2.887798369907942,
            2.8653803643633107,
            2.829719109939096,
            2.8083608521789802,
            2.783717031687335,
            2.7780777825032428,
            2.768631724711976,
            2.779650437375887,
            2.763685304936164,
            2.758080950200232,
            2.7938327769764135,
            2.7771339077767125,
            2.780651924388656,
            2.770357642668844,
            2.773516514913632
        ],
        "mse": [
            3.822708929171328,
            3.573652280484392,
            3.425277387835289,
            3.300398681984573,
            3.2773885997266716,
            3.230256289080844,
            3.2149186013826254,
            3.177157830670883,
            3.172875286777163,
            3.1594999784328897,
            3.180882377376973,
            3.159521776796039,
            3.155929796031264,
            3.189654603030512,
            3.1711379442710044,
            3.1827785880839237,
            3.1725234066853756,
            3.1679136391545906
        ],
        "acc": [
            0.36130502750801907,
            0.38930961273895587,
            0.40234510637209064,
            0.41225424938188876,
            0.41663970822682145,
            0.42177182570344113,
            0.42655236681139536,
            0.428863785143107,
            0.4293720933908973,
            0.4316710489369481,
            0.4310195677674533,
            0.4314861594816375,
            0.43003845418411524,
            0.4254044743834949,
            0.4314508439738894,
            0.4336118690791677,
            0.43239494795844857,
            0.4307154238712592
        ]
    }
}