{
    "tr": {
        "ce": [
            3.7769602830197737,
            2.9368053899641566,
            2.7174880591542916,
            2.5726749112416964,
            2.4720106457403386,
            2.3944056994355005,
            2.3268059496095717,
            2.26616622727173,
            2.2127535719163003,
            2.16212688829717,
            2.115742610204332,
            2.0732119775984796,
            2.0306581158074373,
            1.9924004101818436
        ],
        "mse": [
            4.571675303206187,
            3.42186578288697,
            3.141657655632485,
            2.958532690603441,
            2.831902080450113,
            2.7352701234658126,
            2.6516368236269354,
            2.5772824380869417,
            2.510672557104036,
            2.448660259332312,
            2.3907120697261424,
            2.339273158629518,
            2.2858431809436075,
            2.2399788485657153
        ],
        "acc": [
            0.302367945016902,
            0.4046402177126782,
            0.4324004328366798,
            0.45188509505123253,
            0.4660264796143569,
            0.47698333908344465,
            0.4865009041406289,
            0.4953759151981508,
            0.5031186710082083,
            0.510381330231409,
            0.517240852986886,
            0.5235553403478087,
            0.5300767362679221,
            0.5359121824299735
        ]
    },
    "vl": {
        "ce": [
            3.157865852606101,
            2.9419729563056447,
            2.8243927219526364,
            2.7618473895260545,
            2.6950149760871636,
            2.688719541648698,
            2.6805027211950123,
            2.6908513884075353,
            2.6643680858481775,
            2.678909373087961,
            2.689789909808362,
            2.7024332096016472,
            2.7051930232126207,
            2.7136649456831927
        ],
        "mse": [
            3.685932714105304,
            3.4136007949302756,
            3.2666835286578193,
            3.1864212630876425,
            3.0966122365388715,
            3.0960829003912504,
            3.090529471147256,
            3.097980996624368,
            3.0751879114270864,
            3.0829873042679874,
            3.100241752595849,
            3.1232017715120577,
            3.1277080630995537,
            3.139788187918116
        ],
        "acc": [
            0.38209406893110015,
            0.4052111019935113,
            0.42236109025002827,
            0.43032476790452917,
            0.44093781469461046,
            0.44429846356312436,
            0.4455560667674398,
            0.4460973045457908,
            0.45022579999080775,
            0.4479033957983627,
            0.44962642647203854,
            0.4481863194638914,
            0.4454417104929523,
            0.44585685183604556
        ]
    }
}