{
    "tr": {
        "ce": [
            2.0541324145668582,
            1.5590852922452905,
            1.436944512819599,
            1.3625097945626838,
            1.307372325823612,
            1.262642269292453,
            1.2250846472963015,
            1.1923410784542579,
            1.1632425134140683,
            1.1364007523921225,
            1.1124907828724808,
            1.0888683802630177,
            1.0672330376189807
        ],
        "mse": [
            5.91163719087993,
            4.1679225597509095,
            3.7597139481533195,
            3.496968502115964,
            3.3004988246831948,
            3.141066762822191,
            3.007852861780557,
            2.8978218904783284,
            2.7963546402582606,
            2.707358559516019,
            2.6281237827539807,
            2.55041148614753,
            2.4799268222876645
        ],
        "acc": [
            0.36373188068048273,
            0.4772132870293214,
            0.5072078781083014,
            0.5267837355289732,
            0.5419057776630196,
            0.5549354304190792,
            0.5661054411871895,
            0.5761792702140217,
            0.585414280593667,
            0.5940235445688503,
            0.6017288628301154,
            0.6094678310194627,
            0.616708601926533
        ]
    },
    "vl": {
        "ce": [
            1.704177559399214,
            1.5629003210797336,
            1.4940122887085043,
            1.4566691599257005,
            1.4372996987540865,
            1.418837083167717,
            1.4242301651688873,
            1.398067381864037,
            1.4056857899238504,
            1.4054681033384604,
            1.40756841956592,
            1.4150022271552372,
            1.4280293852579398
        ],
        "mse": [
            4.644859890468785,
            4.121083767036271,
            3.9346982859522917,
            3.773459997333464,
            3.6510850207401755,
            3.5436071659046444,
            3.570918258096351,
            3.4800717449579084,
            3.4972900178263098,
            3.4514501915603386,
            3.5130904561183494,
            3.460426103221914,
            3.4863432753281516
        ],
        "acc": [
            0.43830385690178375,
            0.4707594151135351,
            0.4888676666334027,
            0.4976311789347174,
            0.5032046166925482,
            0.5076905268300427,
            0.5080399040967389,
            0.5152603750183282,
            0.514782612441016,
            0.5158653685141131,
            0.5161779879546556,
            0.5150679200073409,
            0.5142729209909023
        ]
    }
}