{
    "tr": {
        "ce": [
            4.222694971901202,
            3.275056996775847,
            3.0826798771261554,
            2.9748167867031694,
            2.894045466965218,
            2.8253559279463567,
            2.770048527324935,
            2.722053078669105,
            2.6800680521301716,
            2.642072772153856,
            2.607484621684336,
            2.575083660811358,
            2.545535978594293,
            2.5163493920734537,
            2.48865572510067,
            2.4614445409742904,
            2.4355579649775416
        ],
        "mse": [
            5.153515908755057,
            3.8285463503956687,
            3.584040658302272,
            3.444731172404004,
            3.340561122960937,
            3.2499353922597907,
            3.1782443127129367,
            3.1153322176815927,
            3.0601971914470467,
            3.0119546872437164,
            2.9675246375340962,
            2.9265267946770113,
            2.889638846422611,
            2.852018464412127,
            2.818636417244025,
            2.7848526055021003,
            2.7531057991397594
        ],
        "acc": [
            0.25111744616184056,
            0.36257928266636835,
            0.3895944373580831,
            0.40223227760524455,
            0.4114000242428735,
            0.41951593244122865,
            0.4264859834980798,
            0.43271758572847346,
            0.43803129646959943,
            0.4429787263541336,
            0.44741183932303513,
            0.45162638759258056,
            0.4554805066204477,
            0.4592971779118552,
            0.46292642946121576,
            0.46651137216552635,
            0.4698250853374206
        ]
    },
    "vl": {
        "ce": [
            3.4872596413711383,
            3.220094013083828,
            3.10430652000865,
            3.0414718099630598,
            2.986132514932768,
            2.9473985997054095,
            2.912161632639463,
            2.8899277601737143,
            2.8672493266277628,
            2.868910918795997,
            2.8582282108687314,
            2.8409145086840852,
            2.8451892906199387,
            2.8487427316076768,
            2.853326728435162,
            2.843431563976684,
            2.859568630085617
        ],
        "mse": [
            4.090109155477722,
            3.7333397399532338,
            3.594835282349196,
            3.5088772229809577,
            3.4458955627321544,
            3.390711118614739,
            3.344681389344846,
            3.321334130125619,
            3.279053645707219,
            3.2819519355648854,
            3.277421616139959,
            3.2497645359221705,
            3.256365996240918,
            3.2565503527557915,
            3.2696075621849854,
            3.2673087722616767,
            3.279434269243251
        ],
        "acc": [
            0.3344986850772399,
            0.3778267325680764,
            0.3925421893433795,
            0.40141779554834783,
            0.4058271744619302,
            0.4120015219831076,
            0.4162448135311486,
            0.41875126277977,
            0.4188589327892319,
            0.42037908513037886,
            0.42125419376652096,
            0.4245035004257504,
            0.4238612174662085,
            0.4220695023735364,
            0.4262602149707372,
            0.42456910734782455,
            0.42324065645047226
        ]
    }
}