{
    "tr": {
        "ce": [
            6.814509196761024,
            5.323547218245092,
            4.926080945124202,
            4.659148171910831,
            4.457594679467622,
            4.296423642623029,
            4.157405291962718,
            4.033131180835401,
            3.9159269622668273,
            3.801589870699196,
            3.69964227188108,
            3.5941361217504575,
            3.4906528222818065,
            3.398989888101101,
            3.314392659773547,
            3.2347261413764317
        ],
        "mse": [
            10.94400024356106,
            7.670314705505881,
            6.922450454500952,
            6.428435149144996,
            6.06310509490735,
            5.783052385921936,
            5.546476336751293,
            5.337013927066772,
            5.143936429477252,
            4.957846505487628,
            4.792442904530017,
            4.625362872715164,
            4.46862026609863,
            4.321377953074689,
            4.189505003969997,
            4.065413011094786
        ],
        "acc": [
            0.37605967810102975,
            0.48295154599787,
            0.5125122715621978,
            0.5326736387384948,
            0.5480859846700763,
            0.5605926319698692,
            0.5713911758697855,
            0.5812119227961109,
            0.5907492971970875,
            0.5999643443312481,
            0.6083944612670836,
            0.6173540411912645,
            0.6259998502937069,
            0.6337545698662002,
            0.6411257264498916,
            0.6479578297104165
        ]
    },
    "vl": {
        "ce": [
            5.780547676190652,
            5.3300313480564805,
            5.091920128285559,
            4.9585784334954015,
            4.879352589122584,
            4.8561481146213135,
            4.786085395213685,
            4.738097113989741,
            4.74407360267118,
            4.7614400601777875,
            4.686368206159664,
            4.717190649991479,
            4.717015034514047,
            4.720527759666651,
            4.733545317675898,
            4.758672983268571
        ],
        "mse": [
            8.512962452049464,
            7.587231652984202,
            7.1788816517168055,
            6.885999526482462,
            6.735236597191441,
            6.733339499906113,
            6.613318487594688,
            6.525677910919398,
            6.575887378447694,
            6.574344489743801,
            6.438169975749782,
            6.570280181254194,
            6.578939453500216,
            6.55569386026247,
            6.595203617231442,
            6.629504892995449
        ],
        "acc": [
            0.446007119298307,
            0.48042412033009396,
            0.5009229568347253,
            0.5097517285679207,
            0.5138869739132501,
            0.5184825305404559,
            0.5237761536419717,
            0.5265891902922281,
            0.5279116172933839,
            0.5246498793200717,
            0.5306167966518246,
            0.5297489100303806,
            0.5304084893295674,
            0.5301038754768059,
            0.5293505634766459,
            0.5289517772979424
        ]
    }
}