{
    "tr": {
        "ce": [
            1.7867925261625293,
            1.3338362455223152,
            1.1715466382836035,
            1.0496560469545952,
            0.9457687764354695,
            0.8540528289853748,
            0.771263833866044,
            0.6960947891746528
        ],
        "mse": [
            5.138610220433586,
            3.4814896418381087,
            2.9221816928652564,
            2.5229140810240587,
            2.1950787405806884,
            1.9196562717765777,
            1.6830086222683105,
            1.4807281177915437
        ],
        "acc": [
            0.4167727621629341,
            0.5300149546771453,
            0.5785626164325933,
            0.6185232449794967,
            0.6541744772151262,
            0.6862867365163063,
            0.715753819543299,
            0.7426933302085329
        ]
    },
    "vl": {
        "ce": [
            1.5447395935736068,
            1.4631263317306185,
            1.4579453064444288,
            1.4804528697592314,
            1.5690766494782245,
            1.648187614855219,
            1.7262123764538375,
            1.8278503326770386
        ],
        "mse": [
            4.08045525694154,
            3.8255039446992303,
            3.6878447272087054,
            3.6145798440188006,
            3.6356936432624773,
            3.6632971789667517,
            3.66800771743222,
            3.6892445738849746
        ],
        "acc": [
            0.4675666434598751,
            0.49128615848027946,
            0.49634607616669496,
            0.5005182689004909,
            0.4941930562420621,
            0.49068948577661986,
            0.48920659175336034,
            0.4861585291845551
        ]
    }
}