{
    "tr": {
        "ce": [
            4.622621165115904,
            3.445219075487798,
            3.1340240983027017,
            2.8953214072775455,
            2.736021174590517,
            2.6086287647712125,
            2.511028393826851,
            2.4080846728397627,
            2.3198033011600767,
            2.2494984032063816,
            2.183413639143947,
            2.1218972024277183,
            2.064032686622409,
            2.008209146543391,
            1.9538628254861174,
            1.9005767322535647,
            1.8479647397342984
        ],
        "mse": [
            5.736983316642323,
            4.045546075559539,
            3.667912912455709,
            3.4010181294426443,
            3.220035836965398,
            3.069424612838713,
            2.9531362802197743,
            2.8339413680120358,
            2.7285373310881957,
            2.6419014638769194,
            2.5603041211293123,
            2.4834820882993713,
            2.4123487075169883,
            2.342385593173497,
            2.2738667258517933,
            2.2080395225694716,
            2.141549646510284
        ],
        "acc": [
            0.20833102276362536,
            0.33908511759372006,
            0.3839508617351715,
            0.417437311455458,
            0.4391561918746226,
            0.4562918695498657,
            0.4687974365313196,
            0.48296653718181887,
            0.49502333164649764,
            0.5044752948011029,
            0.5135416896717775,
            0.5218248630830561,
            0.5297106576523712,
            0.5374047589751226,
            0.5452645831342092,
            0.5529506602065609,
            0.5605939022859372
        ]
    },
    "vl": {
        "ce": [
            3.7428855798283562,
            3.3250205021738353,
            3.0953444161050307,
            2.9139929055516185,
            2.8093511628322916,
            2.7449017893421193,
            2.700927213241494,
            2.6462509882906096,
            2.6212185673374946,
            2.6012104160147285,
            2.5933379195426984,
            2.59041150834391,
            2.61419611908699,
            2.5955183756807463,
            2.6250779716694943,
            2.6208550347005084,
            2.64331967485407
        ],
        "mse": [
            4.409434383032752,
            3.894495825298497,
            3.6207217333095323,
            3.419277753660588,
            3.3078615808747505,
            3.2321571652355088,
            3.193300803502401,
            3.1203981006080337,
            3.094337454584778,
            3.082368051093784,
            3.0696350997262964,
            3.072486794711462,
            3.10647873376888,
            3.0775348218412346,
            3.126749919737623,
            3.1214977880644668,
            3.154129274230186
        ],
        "acc": [
            0.3033726778838152,
            0.36395668857247454,
            0.39266458100797047,
            0.4200254697454432,
            0.4355749136518911,
            0.4458636631731127,
            0.45090735337284743,
            0.4581550110151859,
            0.4613681237717144,
            0.4671650011031354,
            0.4684963399758104,
            0.4712221133904379,
            0.4686989989437041,
            0.47108732310474893,
            0.4689854054503102,
            0.4704389486237953,
            0.46821511101201585
        ]
    }
}