{
    "tr": {
        "ce": [
            6.6024878698074865,
            4.95877517968534,
            4.417001325502398,
            4.0127298116901295,
            3.6705571409780107,
            3.370741975883407,
            3.0910615170483746,
            2.842085428637815,
            2.6222058056843243,
            2.4187167132020324
        ],
        "mse": [
            10.54493029593552,
            7.071258401189739,
            6.1288397189731185,
            5.447178627791937,
            4.880876707472869,
            4.398688898952997,
            3.9630694992815387,
            3.5815860983884216,
            3.2518089516696795,
            2.9529760741636912
        ],
        "acc": [
            0.38987715643966714,
            0.5114716135307272,
            0.553892243953506,
            0.5862893357678265,
            0.6144161756116182,
            0.6398000345698102,
            0.6652353482382597,
            0.6878420311025992,
            0.7082220214147112,
            0.7275486412797427
        ]
    },
    "vl": {
        "ce": [
            5.570315026846088,
            5.105615847749137,
            4.930208177514415,
            4.860673583921839,
            4.857548169750985,
            4.904787996427609,
            4.9265262618090935,
            4.982589812226634,
            5.019523190670326,
            5.085060039504629
        ],
        "mse": [
            8.147279564800158,
            7.297571498839582,
            6.9707662485987765,
            6.876961827929554,
            6.862822010868886,
            6.947961443760356,
            6.9970714042746955,
            7.124024144938735,
            7.175993000874754,
            7.303600352969977
        ],
        "acc": [
            0.46381207331607904,
            0.4992493647532385,
            0.5138526005578823,
            0.521694577863959,
            0.5223868656191019,
            0.5196400923155696,
            0.521338890159065,
            0.5192032597266911,
            0.5178989778613784,
            0.5150545166164148
        ]
    }
}