{
    "tr": {
        "ce": [
            7.362705450078268,
            5.636836285070966,
            5.083258134910888,
            4.6940620375128725,
            4.405146385246191,
            4.163724878500095,
            3.9565309687104135,
            3.767824088791807,
            3.5905143529294437,
            3.4241993847461285,
            3.269977207062129,
            3.1256472507315687
        ],
        "mse": [
            12.018530059317186,
            8.191654632316828,
            7.238279400318091,
            6.591791644715061,
            6.104752756476366,
            5.699265836039346,
            5.35176769704016,
            5.040567697271754,
            4.7502545262136495,
            4.48029309759311,
            4.2342603289947,
            4.005511265255984
        ],
        "acc": [
            0.3331202457680737,
            0.4529927084327143,
            0.4995097868785203,
            0.5339278525057914,
            0.5573150734523262,
            0.5768176227020152,
            0.5931084417383999,
            0.6084363843234829,
            0.6232098665906824,
            0.6372323070786637,
            0.6505403824940672,
            0.6631602530456249
        ]
    },
    "vl": {
        "ce": [
            6.219460917300865,
            5.539345594051757,
            5.21419062770781,
            5.034116466188691,
            4.927143186819358,
            4.858622520347762,
            4.841301661371533,
            4.865755668103369,
            4.8876865346575045,
            4.899630394138273,
            4.949062902419294,
            4.985617892338278
        ],
        "mse": [
            9.261867745977934,
            7.965172367669195,
            7.447687938565114,
            7.100835078400992,
            6.964286138451165,
            6.890839318760106,
            6.8454076514218025,
            6.883929967880249,
            6.917308734414356,
            6.940106372364232,
            7.043132869272284,
            7.1363050221094015
        ],
        "acc": [
            0.406965712339826,
            0.4620716190728985,
            0.49189786759556314,
            0.5070126752872937,
            0.5179008916427529,
            0.5242457261176708,
            0.5263471704363172,
            0.5249619020627496,
            0.5240883938764613,
            0.5236152765529404,
            0.5206332907813495,
            0.5202141627262199
        ]
    }
}