{
    "tr": {
        "ce": [
            8.1872281302293,
            6.331463736554693,
            5.784288876399339,
            5.434115997819834,
            5.198267481747966,
            5.01630570786371,
            4.864845758946389,
            4.721657415394072,
            4.598401781057232,
            4.487753366272126,
            4.386209031869778,
            4.290414510110851,
            4.200187390497556,
            4.114067006929781,
            4.033207996389272,
            3.9539892623504946,
            3.87996482950545,
            3.8052595062337,
            3.7346982918985345,
            3.6669508238687807
        ],
        "mse": [
            14.062448656330787,
            9.445400144727135,
            8.47083369753202,
            7.833273401524078,
            7.412839197091005,
            7.081880532800517,
            6.810565198529132,
            6.558928174981228,
            6.346499596783833,
            6.151539612309037,
            5.977266127198925,
            5.811247336469643,
            5.653064677940607,
            5.505224400470772,
            5.371085195184949,
            5.236655092862413,
            5.109319530551971,
            4.983045079576973,
            4.865324363415816,
            4.752575395318086
        ],
        "acc": [
            0.2794938067054086,
            0.4002828678799342,
            0.44205920872301435,
            0.4699197446220517,
            0.4885517987245776,
            0.5032399538457303,
            0.51536797707438,
            0.5276286653184992,
            0.5370423005946463,
            0.5455850356438717,
            0.5532937605976515,
            0.5608271137627017,
            0.5679308508928335,
            0.5747979098053118,
            0.5813223209217376,
            0.5877774849339337,
            0.5939182740183667,
            0.600017329292506,
            0.6059798386204899,
            0.6115855147721955
        ]
    },
    "vl": {
        "ce": [
            6.855840283013433,
            6.136044459264786,
            5.756561572434472,
            5.544685787841922,
            5.359021109961421,
            5.242551063579288,
            5.172152781095661,
            5.0837337143434205,
            5.049635644818916,
            5.017956862032739,
            4.966026074247933,
            4.941829604529292,
            4.933079306545153,
            4.925683335528348,
            4.920652586905683,
            4.931113694534927,
            4.9439001721762565,
            4.935083714339251,
            4.947260831874576,
            4.975381985388167
        ],
        "mse": [
            10.284841065849763,
            9.039079313069745,
            8.346876179585692,
            8.036965810536035,
            7.644927401360267,
            7.424814622910296,
            7.309320632225829,
            7.1287683554685835,
            7.145384658229807,
            6.995584559570896,
            6.965544274595917,
            6.933195529739713,
            6.936278275453327,
            6.906620223665498,
            6.87169308219451,
            6.895780068277661,
            6.929862355925346,
            6.9116554182083885,
            6.9218734730788265,
            6.984192350523068
        ],
        "acc": [
            0.3575187519681258,
            0.4120667528340725,
            0.44337379032633994,
            0.4643334717047019,
            0.4772542954061201,
            0.4871845023065317,
            0.49235959245207533,
            0.4999492815772041,
            0.5057132924026478,
            0.5052738227153737,
            0.5111247227003014,
            0.5136572240643162,
            0.5142248935712491,
            0.5152972927673267,
            0.515216052532196,
            0.5149834149522208,
            0.5142996350272757,
            0.5143573935566053,
            0.5127252698596058,
            0.5120161244940888
        ]
    }
}