{
    "tr": {
        "ce": [
            8.24458923618035,
            6.398371076627329,
            5.901417397974617,
            5.608313459061954,
            5.40288633968431,
            5.2369911842380965,
            5.100887557214895,
            4.974224972819094,
            4.868425938685373,
            4.769819760097989,
            4.681116486494029,
            4.600443069060426,
            4.520572559625608,
            4.448380864235233,
            4.378923132802823,
            4.313167462049013,
            4.2478690142328706,
            4.187834719472727,
            4.127862748386867,
            4.072818355768947,
            4.014780232914311,
            3.9617795037918997
        ],
        "mse": [
            14.236400528325023,
            9.56263268403245,
            8.652539797156678,
            8.09432231180938,
            7.7013803475970235,
            7.39107384575931,
            7.140073719447741,
            6.9121241863648315,
            6.726157382859607,
            6.547816088916103,
            6.388010944794174,
            6.244221562565514,
            6.105686404211693,
            5.9762817179674945,
            5.854357329808771,
            5.74078100874445,
            5.628436699568483,
            5.524719363032631,
            5.421585000130008,
            5.327783648636666,
            5.227492745978171,
            5.140364493326879
        ],
        "acc": [
            0.2766249147754596,
            0.3953156278999842,
            0.43111944175063566,
            0.45281142581382156,
            0.4682141933007213,
            0.48151851829624726,
            0.4926126378714875,
            0.5029807119375302,
            0.5111829003585722,
            0.5185751972391192,
            0.5253342683103012,
            0.5317340017868298,
            0.5380991128522623,
            0.5439892179134297,
            0.5494624186308323,
            0.5547003069571614,
            0.5600006877923221,
            0.5648854707773244,
            0.5699075960127715,
            0.5743097296350815,
            0.5791251590751073,
            0.5835883014653455
        ]
    },
    "vl": {
        "ce": [
            6.910605998638549,
            6.237256357578632,
            5.9002539850975,
            5.693883115476598,
            5.550204876993523,
            5.470038664796965,
            5.373823038867263,
            5.297451621847726,
            5.249787318250521,
            5.199743155573235,
            5.136796166336602,
            5.138396120462262,
            5.103942861322497,
            5.074535417426479,
            5.067206962512491,
            5.057437774913558,
            5.037468174767625,
            5.042706058976429,
            5.040267041472138,
            5.042008259257332,
            5.0468848806912785,
            5.081781642033103
        ],
        "mse": [
            10.495313209262703,
            9.173912298483927,
            8.615724253524197,
            8.131721421017673,
            7.945325098402513,
            7.719327246556516,
            7.561799352937709,
            7.418502101481287,
            7.374100862305021,
            7.29526585307929,
            7.1361231478185605,
            7.103545067740268,
            7.054586568165346,
            7.017826366945694,
            7.029361490343438,
            7.038696804984671,
            6.9405253350409,
            6.946782142086759,
            7.0058826605478925,
            6.952184381380759,
            7.011229393912143,
            7.088447810522194
        ],
        "acc": [
            0.3563753165345374,
            0.40251797437667847,
            0.42944564210261155,
            0.4436236917565429,
            0.45679284493779876,
            0.46367470716518133,
            0.47279760941781634,
            0.4780302078671794,
            0.4830524581051915,
            0.48593220358989275,
            0.4897547982266692,
            0.49014485753624815,
            0.49205205886741804,
            0.49505243772040297,
            0.49603220152724636,
            0.49793861684252005,
            0.499116518458382,
            0.4974538520222805,
            0.49919945408737726,
            0.49765067046783007,
            0.49972992386322856,
            0.49678601593267724
        ]
    }
}