{
    "tr": {
        "ce": [
            3.669714546971537,
            2.66005330490001,
            2.3251238029729775,
            2.0826845152767115,
            1.8761559736761269,
            1.701979268723728,
            1.5555113537700587,
            1.421001958760111,
            1.3064094279465144,
            1.2074673915843912
        ],
        "mse": [
            4.462170185922526,
            3.1353248182092166,
            2.739826778625145,
            2.446591452565537,
            2.1936662570570276,
            1.9788955300457751,
            1.7980321001332786,
            1.6327089112567814,
            1.4913854739543553,
            1.3704695886335485
        ],
        "acc": [
            0.3147821762777052,
            0.44128407123638697,
            0.4875032123969486,
            0.5228674674932444,
            0.5542043404932697,
            0.5815368974980378,
            0.6051892476833833,
            0.627797841409969,
            0.648214246755094,
            0.6665843040412119
        ]
    },
    "vl": {
        "ce": [
            2.9652999398486863,
            2.696408978902577,
            2.5704097428608463,
            2.5325189086257436,
            2.5300930937131247,
            2.571462663145013,
            2.6049949100108747,
            2.6369840391998083,
            2.678485938434392,
            2.7096513920143
        ],
        "mse": [
            3.498822538253388,
            3.190406161579278,
            3.044710582071315,
            3.0161843303122806,
            3.0279814333863597,
            3.082610057025659,
            3.126140566797204,
            3.171038728919837,
            3.237690005146089,
            3.2680212500316848
        ],
        "acc": [
            0.4036098024884208,
            0.43964784824457326,
            0.4604207241470045,
            0.46530714525225386,
            0.47508341375270174,
            0.4724820079536386,
            0.47258857983709035,
            0.4707332366639799,
            0.47051152521795264,
            0.4688847672418167
        ]
    }
}