{
    "tr": {
        "ce": [
            7.411065881283441,
            5.724180315592049,
            5.231681365874066,
            4.924925953376188,
            4.696723737386323,
            4.505339182969902,
            4.335415452347451,
            4.181263711379314,
            4.041530196480532,
            3.906473952707495,
            3.7827394431718973,
            3.6644340459788256,
            3.551877616495754,
            3.4442651711565064
        ],
        "mse": [
            12.16507154016718,
            8.319790711050807,
            7.438125434453565,
            6.894424303437902,
            6.485542724212952,
            6.1468924145972395,
            5.848567945114641,
            5.58611953008577,
            5.34682788648927,
            5.121678152985575,
            4.916632892222652,
            4.721333134395306,
            4.536161555812121,
            4.361189294680025
        ],
        "acc": [
            0.33015551950739525,
            0.44608815355309595,
            0.48602252803794954,
            0.5097208398973568,
            0.5265951293900686,
            0.5413064987726104,
            0.5545013747436954,
            0.5668188332243554,
            0.5781351248749264,
            0.5895609354509187,
            0.5997640822151807,
            0.6097864201821588,
            0.6194329949107731,
            0.6288309149813123
        ]
    },
    "vl": {
        "ce": [
            6.270650061101861,
            5.6372537300234935,
            5.342780937262572,
            5.167573504760617,
            5.0737164111736694,
            4.992847972880296,
            4.963796782363308,
            4.939708229622554,
            4.918678892114775,
            4.939218904802708,
            4.990713522082469,
            4.961569295554865,
            5.004659164798715,
            5.020433842810125
        ],
        "mse": [
            9.39558559297864,
            8.093779410169423,
            7.580250239763104,
            7.283627571303988,
            7.071700942972319,
            6.9252851335077334,
            6.899083227407737,
            6.883810590525142,
            6.8058574095449815,
            6.880495716313847,
            7.001307054946983,
            6.9480723396676485,
            7.048061038626999,
            7.050083267232759
        ],
        "acc": [
            0.40410003094562413,
            0.45086849147016234,
            0.47809697724268085,
            0.4911870580634784,
            0.49654163941333856,
            0.5019887312025321,
            0.5066151447960587,
            0.5090067039747708,
            0.5096265430984601,
            0.5108497422086736,
            0.5071593960289096,
            0.5101392143736772,
            0.5078336347321994,
            0.5064820178219529
        ]
    }
}