{
    "tr": {
        "ce": [
            1.713865888658464,
            1.2806129552281327,
            1.1237113687703038,
            1.007971844967286,
            0.9097044545805081,
            0.8245587536572179,
            0.745245845094708,
            0.6731177299843484
        ],
        "mse": [
            11.716499863262055,
            7.539513504349399,
            6.264718086152263,
            5.374329508564386,
            4.663694167347239,
            4.0769003973438975,
            3.5534578291922854,
            3.1090380039232475
        ],
        "acc": [
            0.448731515154727,
            0.555905381032523,
            0.6018414094939996,
            0.6388219527943234,
            0.6718027975848293,
            0.700993322377073,
            0.7287042430924341,
            0.7542873322873157
        ]
    },
    "vl": {
        "ce": [
            1.5028098977980067,
            1.3946034413217847,
            1.37816801341505,
            1.412055157409991,
            1.4632061184104024,
            1.5463208960053698,
            1.6191523804690668,
            1.7241114674370146
        ],
        "mse": [
            9.13928495990774,
            8.204952045868003,
            7.772517946899915,
            7.692358289260031,
            7.616396081903593,
            7.733218736335879,
            7.799093379349005,
            7.790218250347617
        ],
        "acc": [
            0.4911025236131715,
            0.5203805020272406,
            0.5267883369017169,
            0.5273097957092556,
            0.5251103800014069,
            0.5211313346533176,
            0.5189033535823144,
            0.5156459467170017
        ]
    }
}