{
    "tr": {
        "ce": [
            1.9806592811823833,
            1.5417825610613758,
            1.4381452147194913,
            1.3796317209700473,
            1.3381440814814283,
            1.3083276826536283,
            1.285119125851017,
            1.2659547465508993,
            1.249706292543611,
            1.2338211771131322,
            1.2202048646175763,
            1.2053002687400325,
            1.1915339783526815,
            1.1777742311100363,
            1.1638718792023683,
            1.1507372940901528,
            1.1373311670237274,
            1.124087306258527,
            1.1119136981093314,
            1.1006410845106258,
            1.0897263348808914,
            1.0790961344022585
        ],
        "mse": [
            14.1318661386356,
            9.675236212667524,
            8.767741357037739,
            8.235981688967449,
            7.851147710063544,
            7.578009719002468,
            7.366306973749727,
            7.1910092589414,
            7.038205954268579,
            6.896259065168457,
            6.782547990299944,
            6.6558752310598415,
            6.544458518380345,
            6.434531478452958,
            6.3307501186682655,
            6.2269030990878775,
            6.1230816203603915,
            6.014949181492081,
            5.925310551739869,
            5.836152206543766,
            5.7489761932393915,
            5.666994642827403
        ],
        "acc": [
            0.39565491684254306,
            0.49701043945320905,
            0.5210542359981665,
            0.5354648686875256,
            0.5464397348266574,
            0.5546355469724539,
            0.5612452640355231,
            0.5667413499753042,
            0.5716247080271456,
            0.5762189258669909,
            0.5800164389740693,
            0.5842340261839835,
            0.5879530348302527,
            0.5917458837425698,
            0.5953418417420296,
            0.599105704758023,
            0.6028831236922462,
            0.6066844236231328,
            0.6102993844382055,
            0.6136493113257536,
            0.6170056119620058,
            0.6202457461158616
        ]
    },
    "vl": {
        "ce": [
            1.666002447487878,
            1.533642675055832,
            1.480455050051538,
            1.4460216620580746,
            1.4193557640893864,
            1.401436487833659,
            1.3805230276180747,
            1.371755974866002,
            1.3671927588884947,
            1.35567359715863,
            1.3534541709826944,
            1.3438694405425442,
            1.3556582334914493,
            1.338327631435759,
            1.3306670812635475,
            1.3481105162146314,
            1.3255849050693824,
            1.3420307352894643,
            1.3295530242020968,
            1.3454459213493952,
            1.3345132347990254,
            1.3416400143031866
        ],
        "mse": [
            10.879343827565512,
            9.370943851158268,
            9.176897059372866,
            8.679937116435317,
            8.383316980685041,
            8.27539743751776,
            8.03150121240668,
            7.932297332690713,
            7.817982961571282,
            7.897468465273498,
            7.835369323772159,
            7.697561735663909,
            7.787881241470087,
            7.5769296057237305,
            7.603889006734546,
            7.629125454386727,
            7.454928847609973,
            7.609988357199997,
            7.541533286454247,
            7.569822677497656,
            7.39735839796848,
            7.515271999796883
        ],
        "acc": [
            0.46236892060829643,
            0.49275291674449795,
            0.5054558900698938,
            0.5134707962880369,
            0.5192884224685815,
            0.5254306583130945,
            0.5305613628664955,
            0.5342324665172504,
            0.5336089857289048,
            0.5386957728146203,
            0.5366522121787722,
            0.5399643011757584,
            0.5382264217392343,
            0.5425675887553418,
            0.5441768919346762,
            0.5395155404109121,
            0.545593237372044,
            0.5410587983053239,
            0.5442124908901954,
            0.5424574396160783,
            0.5444079572385777,
            0.5431555973701789
        ]
    }
}