{
    "tr": {
        "ce": [
            4.696176753077453,
            3.5364676027521105,
            3.2950810888406896,
            3.16616839364248,
            3.0728188471676767,
            3.000384212952912,
            2.9416516945739533,
            2.8911878609142923,
            2.8468280003013597,
            2.808664192583959,
            2.7746101794942684,
            2.742169867239981,
            2.7120923386703906,
            2.684087256970865,
            2.6573150456404475,
            2.6333803227157153,
            2.610050882115186,
            2.5862249940479827,
            2.5649334424464256,
            2.5431179393935226,
            2.5224258938084905,
            2.50168204575605
        ],
        "mse": [
            5.824478148906943,
            4.137038035944797,
            3.844536400681678,
            3.6865907723111824,
            3.5598747161556905,
            3.464466571300742,
            3.3873922554637406,
            3.3213839058599297,
            3.26320631045478,
            3.212672475767295,
            3.1681311978862046,
            3.125662854724074,
            3.0860476464857194,
            3.049745380824114,
            3.0143268715462326,
            2.98360325528727,
            2.9534546860950184,
            2.92276793756372,
            2.8952635338660686,
            2.8670230961541425,
            2.8404491584520506,
            2.814200074866129
        ],
        "acc": [
            0.2030048963739173,
            0.33082697731823374,
            0.3647361468649389,
            0.3814963811040106,
            0.39257570982558937,
            0.40064127930244464,
            0.4072790554376838,
            0.413162180923539,
            0.4184535772323753,
            0.4229780616857331,
            0.42716420601472704,
            0.43132076004253483,
            0.4348378924296932,
            0.4383713690950602,
            0.4418092846816088,
            0.44476474049568754,
            0.44775400110850105,
            0.4507541696339239,
            0.4533838677446156,
            0.45614830808630835,
            0.45881699762312483,
            0.4614761552253562
        ]
    },
    "vl": {
        "ce": [
            3.802409097796581,
            3.418197089205674,
            3.275026019153699,
            3.1905095779179224,
            3.116452323608711,
            3.080934680550476,
            3.0277157044801557,
            3.004501289031545,
            2.967076285289285,
            2.9660339234956625,
            2.9424430584646966,
            2.917770671714199,
            2.9215193980378533,
            2.8967087386084382,
            2.89967627733783,
            2.8980826334875136,
            2.8770633391995246,
            2.898985985524016,
            2.883877861369503,
            2.880697698215318,
            2.884470565397231,
            2.8915117317861547
        ],
        "mse": [
            4.47274645169576,
            3.9881049557461763,
            3.812346630409116,
            3.7090040429042337,
            3.604750359970364,
            3.5467892429216312,
            3.4829269204634787,
            3.4494441946347556,
            3.4009965198938965,
            3.398709042801883,
            3.3647258128624795,
            3.323828546075873,
            3.3305550308826843,
            3.30239037802962,
            3.302301805853192,
            3.304018283476595,
            3.278911703597001,
            3.3063684737747483,
            3.2843492402405037,
            3.2793515718699804,
            3.278851958246179,
            3.288139694701127
        ],
        "acc": [
            0.29578735089041497,
            0.35271617460771987,
            0.3719365946500679,
            0.3829267677632186,
            0.3935237425923999,
            0.3994512671167082,
            0.4047963999496783,
            0.40646484323212356,
            0.4092258067567492,
            0.41004406677080635,
            0.41533583532917046,
            0.4164793977076239,
            0.4145838727797967,
            0.4187732987879404,
            0.4169845029386015,
            0.4182642673859831,
            0.4222223440724644,
            0.4204373783508285,
            0.42365350594611767,
            0.42238607786880816,
            0.4218667193107266,
            0.4192334532819159
        ]
    }
}