{
    "tr": {
        "ce": [
            1.9530808164949514,
            1.5001615255446248,
            1.382095352236314,
            1.3097863451248606,
            1.2565744954813074,
            1.2144704619934767,
            1.17996836233849,
            1.150418368634827,
            1.1240357802798777,
            1.0992917183212725,
            1.0773759757592227,
            1.0565883339773519,
            1.0366512417286156,
            1.0189561862707934,
            1.0002048342505403,
            0.9833728400670587
        ],
        "mse": [
            13.805542756054257,
            9.354428751785246,
            8.317635720930213,
            7.682904004978213,
            7.220620933545465,
            6.85763546312808,
            6.566820781015763,
            6.317227975317353,
            6.09752080071773,
            5.8939851287359595,
            5.7178694149238725,
            5.549215804186682,
            5.388149576323332,
            5.2535671680685745,
            5.108923425503467,
            4.977693727117148
        ],
        "acc": [
            0.4020291072888392,
            0.505560831281415,
            0.5336825460222708,
            0.5524052105316526,
            0.5669019670879105,
            0.5789694313182906,
            0.5890111287326227,
            0.5979819488684771,
            0.6060043610145676,
            0.6138456205907328,
            0.6205718846387756,
            0.6273080818524878,
            0.6336604208252199,
            0.6394493856425707,
            0.6456512788333852,
            0.6511216908557478
        ]
    },
    "vl": {
        "ce": [
            1.6433803484739502,
            1.4975315899145407,
            1.4346522011392104,
            1.3963172722383927,
            1.372982274964859,
            1.3515402208911917,
            1.3441893074030433,
            1.3279855042858852,
            1.3260667346865753,
            1.327442382365628,
            1.324440724699875,
            1.3348935243210507,
            1.3405251660959316,
            1.3376856055416044,
            1.3411922897797464,
            1.3612739028500729
        ],
        "mse": [
            10.34623663672984,
            9.229827573390606,
            8.6352990194748,
            8.26164678537129,
            8.036993176559282,
            7.710819520585524,
            7.723894929625297,
            7.481285143419693,
            7.493326895875358,
            7.475602136935041,
            7.370970533193787,
            7.3959467619494665,
            7.4576790541247595,
            7.403312947580723,
            7.331768315997931,
            7.403718428533585
        ],
        "acc": [
            0.4663884579891064,
            0.4995601639721563,
            0.5150076197307618,
            0.5226806508875935,
            0.5304587174797318,
            0.5349721867041509,
            0.5368204045979703,
            0.5409874157175991,
            0.5435404159495087,
            0.5435403535763422,
            0.5448743937934031,
            0.5432046625783534,
            0.542652876080711,
            0.5441159949602326,
            0.5437596791266092,
            0.5418237257199209
        ]
    }
}