{
    "tr": {
        "ce": [
            2.140703375561916,
            1.6165610628264249,
            1.4763909769579837,
            1.3858938960455283,
            1.3188198925477326,
            1.2634711923732542,
            1.2165128228078312,
            1.1744659214677582,
            1.1365434096526752,
            1.1016588790081294,
            1.0690377113740157,
            1.0376116181535584,
            1.007858856348816,
            0.9800103647083687,
            0.9526958819291976
        ],
        "mse": [
            15.70866387667753,
            10.375096793161703,
            9.184757790062719,
            8.394411079067114,
            7.813603509417858,
            7.341664052886174,
            6.9484429102978496,
            6.605761827795167,
            6.302545036598746,
            6.029680012859714,
            5.778282961994636,
            5.538294494713523,
            5.314682461214949,
            5.107137105125165,
            4.909595520001565
        ],
        "acc": [
            0.36071039450138953,
            0.47867398237935754,
            0.5108420677512513,
            0.5328802395214682,
            0.5498432285950127,
            0.5647320345845566,
            0.5778058412697351,
            0.5897089243659637,
            0.6009141644675187,
            0.6114787374430969,
            0.6217160202637518,
            0.6316479845490365,
            0.6412013115509054,
            0.650356808881635,
            0.6594237597182108
        ]
    },
    "vl": {
        "ce": [
            1.7674026769367073,
            1.5967817909079172,
            1.5138111505352083,
            1.4588795154472518,
            1.4287936254277256,
            1.4025013397951596,
            1.3886126116976711,
            1.385199252373534,
            1.3827019952685455,
            1.3813424781371988,
            1.385568584086465,
            1.3967762104149073,
            1.4046520870891426,
            1.4281563615538384,
            1.439843064123164
        ],
        "mse": [
            11.640580400091704,
            10.051105654304797,
            9.273588555758117,
            8.793584705050526,
            8.49554272427585,
            8.266113733333317,
            7.985143296705569,
            7.928314232435382,
            7.905979690655984,
            7.83677525337928,
            7.755805386871588,
            7.706788077380488,
            7.679725792890038,
            7.690285794721927,
            7.721788545775283
        ],
        "acc": [
            0.4368406778883413,
            0.4763738500371657,
            0.49457093698730886,
            0.5076196780784534,
            0.5146458100100033,
            0.5218034710714726,
            0.5245804430031386,
            0.5263772448066806,
            0.5283923958494363,
            0.5305548030170587,
            0.5304233704596921,
            0.5299588826998987,
            0.5295336656883115,
            0.528124318748224,
            0.5263445646873589
        ]
    }
}