{
    "tr": {
        "ce": [
            1.8434937997851029,
            1.430690876910912,
            1.324575913528366,
            1.2600073801714105,
            1.2127586407561464,
            1.1754068853789208,
            1.142149716190059,
            1.112277760943248,
            1.085113150937258,
            1.0602388582632412,
            1.0375028528619485,
            1.016482740921367
        ],
        "mse": [
            5.288421890142296,
            3.768320455626491,
            3.3791723988114866,
            3.1451209119589847,
            2.9787590844187104,
            2.85255097770575,
            2.744846555462944,
            2.6458885643627825,
            2.5612487558244896,
            2.483131240834874,
            2.412678056558698,
            2.346328900418938
        ],
        "acc": [
            0.4039441787045471,
            0.5048438896798899,
            0.5340274614028676,
            0.5529030523956528,
            0.5672402714784658,
            0.5787107008128716,
            0.589146096704217,
            0.5985636248736351,
            0.6074192041649495,
            0.6155077408998073,
            0.6230799791045697,
            0.6299095543384987
        ]
    },
    "vl": {
        "ce": [
            1.5815782563282492,
            1.4735509681571377,
            1.418182086749155,
            1.3893175033923706,
            1.3735245993879974,
            1.3667822105637013,
            1.3579777627369094,
            1.3654177143274109,
            1.367334224487263,
            1.3702899686625747,
            1.3752002421298313,
            1.3829397551023244
        ],
        "mse": [
            4.245290114579956,
            3.8679007255965896,
            3.6489120190912256,
            3.553121607160308,
            3.413933699899684,
            3.4055078286942235,
            3.3253674468056102,
            3.3484433189115888,
            3.2992375642875507,
            3.3575779704448303,
            3.326547509659835,
            3.310190932672532
        ],
        "acc": [
            0.46206257923867533,
            0.4903367794439441,
            0.5054975130844638,
            0.5135949165280399,
            0.5194726535857049,
            0.5222969946802639,
            0.5263530408424106,
            0.5249937329787374,
            0.5263712155362947,
            0.5270685279955629,
            0.526449189567175,
            0.526686721486472
        ]
    }
}