{
    "tr": {
        "ce": [
            2.1850600365410093,
            1.6503423144845606,
            1.517845127474606,
            1.4377679549897924,
            1.3808562165877263,
            1.3367193232043395,
            1.30049346367011,
            1.2696413414270382,
            1.2420306663243685,
            1.2177082415736942,
            1.1954641709100218,
            1.1753228630058963,
            1.1566050921265965,
            1.1389125171167007,
            1.1224028902624705,
            1.1068599240571957,
            1.0916739239659363,
            1.077558818648775,
            1.0640074434305027,
            1.0506824471420952
        ],
        "mse": [
            16.17599369624001,
            10.632011703936318,
            9.516120835156181,
            8.813322295609378,
            8.310408327652668,
            7.923762950155374,
            7.601605447799882,
            7.3335803480214965,
            7.090018786184333,
            6.885710942567717,
            6.689994352561513,
            6.517695118757194,
            6.359641080350363,
            6.211663613454146,
            6.074047768163087,
            5.942913899991114,
            5.816299445286452,
            5.702156053564535,
            5.593427113724566,
            5.483967706013218
        ],
        "acc": [
            0.349912717270282,
            0.4723706170803361,
            0.5026058972932328,
            0.5211677798671369,
            0.5351384934937834,
            0.5462008841002977,
            0.5557933569461587,
            0.5641373961539081,
            0.5718778724621147,
            0.5785671031174418,
            0.5851661371300917,
            0.5912007774599632,
            0.5969117007078787,
            0.6022176843796484,
            0.6074328181664657,
            0.6122423254476423,
            0.6170768408165337,
            0.6216488150215844,
            0.6259286224353063,
            0.6303298178504427
        ]
    },
    "vl": {
        "ce": [
            1.7947615293857178,
            1.6233674558134026,
            1.5353993343525245,
            1.4877684735209564,
            1.4525641440693797,
            1.4315667054692254,
            1.4085941337496857,
            1.4025444026853218,
            1.3827506495955213,
            1.3753590880195952,
            1.3653008885722342,
            1.3553658274353528,
            1.3554383177574867,
            1.3586337546833227,
            1.346200396128691,
            1.351496252205854,
            1.3466264833518065,
            1.35626038159829,
            1.3579419147772867,
            1.3613632106390157
        ],
        "mse": [
            11.778354655198061,
            10.263693533308519,
            9.508326708944768,
            9.061539967854818,
            8.846685311833365,
            8.61787050148177,
            8.449695555890193,
            8.088153548579399,
            7.942627168092572,
            8.076370761694152,
            7.842750262692978,
            7.796457923826624,
            7.76799087446244,
            7.745582068552737,
            7.599923540334233,
            7.633385263505529,
            7.5450733411507525,
            7.633401680513809,
            7.583034359040807,
            7.553607088620545
        ],
        "acc": [
            0.43324902507125357,
            0.47100555049917087,
            0.49097564189486165,
            0.5029510423296788,
            0.511311183861696,
            0.5167241844811726,
            0.5233103165535328,
            0.5237576627666182,
            0.5283730601678129,
            0.531308867973708,
            0.5339214473637075,
            0.5363307099361889,
            0.5367102846910393,
            0.5361696759371158,
            0.5392484997953874,
            0.5389064987663363,
            0.5398187419104445,
            0.5390365192961823,
            0.5391784672691522,
            0.5386665484618619
        ]
    }
}