{
    "tr": {
        "ce": [
            4.65485288031157,
            3.5057444531879174,
            3.2345857652839793,
            3.0634256298148643,
            2.9561166485114434,
            2.8708208522257634,
            2.8037197538437866,
            2.7451349569649293,
            2.6912069774912832,
            2.6450931154388457,
            2.6009050437796266,
            2.560507166896392,
            2.5212559537009533,
            2.484595588187395,
            2.4496967966380505,
            2.416332745037699,
            2.384400713302487,
            2.352619813010889,
            2.3222330378674694
        ],
        "mse": [
            5.777761984364091,
            4.102814921779279,
            3.7791295287023017,
            3.574422486608639,
            3.447418198473944,
            3.341586948564008,
            3.257338908333722,
            3.183287097486961,
            3.113085770454859,
            3.054400986648555,
            2.9980598807298677,
            2.9467868088444327,
            2.8971356591422013,
            2.851529110459635,
            2.8069924572904363,
            2.7643359170355577,
            2.7238462659516474,
            2.6828836095039694,
            2.6438276617768253
        ],
        "acc": [
            0.2056242205764033,
            0.3295849652248326,
            0.3696182237519786,
            0.392467483438934,
            0.40535522426417153,
            0.4172427466451053,
            0.42562454295027985,
            0.43277496272435995,
            0.43966685285759494,
            0.44546419814957994,
            0.451059892352538,
            0.45614872352579233,
            0.4612392877344301,
            0.46596244376903245,
            0.4703514023016956,
            0.4747409665432428,
            0.47892912867329324,
            0.48322053223314054,
            0.48733810730452815
        ]
    },
    "vl": {
        "ce": [
            3.740873775195554,
            3.380971024596626,
            3.1943950493479036,
            3.0823195071819702,
            3.009045265737127,
            2.965630951800633,
            2.927315173253336,
            2.8919932242951107,
            2.8681815637916817,
            2.8512862269344224,
            2.828386132182971,
            2.8403993516020436,
            2.8183147050643877,
            2.8059542703498255,
            2.812425661933878,
            2.8205845978090673,
            2.8146955660783526,
            2.8270631351106155,
            2.833463147038319
        ],
        "mse": [
            4.391868933302457,
            3.949642122768965,
            3.7270416620650577,
            3.587322557558779,
            3.5038212537765503,
            3.451583670788124,
            3.406885636634514,
            3.3474570568142044,
            3.325832404074122,
            3.2968151745249012,
            3.2783438032442103,
            3.288762634894887,
            3.25782934954909,
            3.2401515535318133,
            3.254677394048764,
            3.266680064097128,
            3.257161052174907,
            3.2735979726405744,
            3.2766983277810726
        ],
        "acc": [
            0.3016393811650615,
            0.3563465636447479,
            0.3810657434206191,
            0.39453226103971567,
            0.4046955425801173,
            0.41326298751954826,
            0.4163161026812642,
            0.42079928106134706,
            0.4250175849091811,
            0.4257154296981832,
            0.43161244299568113,
            0.43049832685886186,
            0.43331516432306155,
            0.43451299974338603,
            0.4339617485882806,
            0.4353946057336578,
            0.43391425431263253,
            0.43505850650085126,
            0.4330127166350031
        ]
    }
}