{
    "tr": {
        "ce": [
            2.2033291819681695,
            1.672975082196062,
            1.5509388120078056,
            1.4800952323045966,
            1.4303518288115968,
            1.3936659389989638,
            1.36500662085279,
            1.3404845798026461,
            1.3201160672876617,
            1.3027452244580389,
            1.2871829766482432,
            1.273446965637775,
            1.2615039640195969,
            1.2493627168457764,
            1.2394607618781652,
            1.2295088156201999,
            1.220595757275213,
            1.2116582986613749,
            1.2026590088586682,
            1.1946718236009823,
            1.1861329179373747,
            1.1777802132719812,
            1.1697135041528688,
            1.1617984944873578,
            1.1537956169983856,
            1.145468368967845,
            1.1378486407125514,
            1.1297784442417675
        ],
        "mse": [
            16.566222378925797,
            10.772033317586782,
            9.756173586490414,
            9.135601002841835,
            8.693336935834441,
            8.362795559550737,
            8.103723183043348,
            7.877349719636094,
            7.689730240559006,
            7.532125505478104,
            7.387002434494357,
            7.25879058748058,
            7.148337175548348,
            7.033775065453065,
            6.943229327553929,
            6.850588872852169,
            6.766877580797444,
            6.688539697855159,
            6.607777469029944,
            6.539785994979177,
            6.464611484083641,
            6.393182367222246,
            6.32948909389759,
            6.267534530260613,
            6.204068134346112,
            6.1398501307795526,
            6.084007215949041,
            6.021457401607146
        ],
        "acc": [
            0.34763136506505116,
            0.4690350877481621,
            0.49683464043446857,
            0.5130126061174363,
            0.52459415820586,
            0.5333384845040193,
            0.5405461156361011,
            0.5470583365703201,
            0.5526584808006362,
            0.5571914880299633,
            0.5616945366263933,
            0.5656638605838776,
            0.5691173963907532,
            0.572708629667125,
            0.5757262591749149,
            0.5787444448116086,
            0.5814060006993623,
            0.5840396034576291,
            0.5868520092109314,
            0.5892170049868177,
            0.5916756167124919,
            0.5941505118982656,
            0.5964136561409965,
            0.5984605980911939,
            0.6008418442376368,
            0.6032367748027513,
            0.6052688088905337,
            0.6075593233289635
        ]
    },
    "vl": {
        "ce": [
            1.8090198114921487,
            1.6373019807977103,
            1.562239944283428,
            1.5135298957590197,
            1.4777559318829103,
            1.4529029707439611,
            1.440374083206302,
            1.4233431571819743,
            1.405929667702138,
            1.403612222176432,
            1.39097098639754,
            1.3846049416260642,
            1.3772001813669674,
            1.3755644576145651,
            1.3727127886860748,
            1.3622326880204874,
            1.3582536252469963,
            1.360127840537191,
            1.351936097516388,
            1.3598001065149985,
            1.356722229491166,
            1.3643180402250237,
            1.3457292451884577,
            1.3539143707908567,
            1.3497073235081845,
            1.347360526766282,
            1.365434489289268,
            1.3507294925184197
        ],
        "mse": [
            11.733598591851406,
            10.417419532609117,
            9.74640393908558,
            9.29818398444379,
            8.946869172685133,
            8.764174506963927,
            8.57455107162559,
            8.437436981930759,
            8.212756515200672,
            8.308218110454538,
            8.109384902839452,
            8.2131577736693,
            8.055646106845042,
            7.8717085963389914,
            7.9155821995657,
            7.852581187024143,
            7.745358210443799,
            7.853653133892622,
            7.661985411670039,
            7.758332991209186,
            7.806852601264995,
            7.880426569714572,
            7.673796361912795,
            7.751221863949885,
            7.58098776353513,
            7.608747026307987,
            7.814414742214432,
            7.579019869611563
        ],
        "acc": [
            0.4312583877007818,
            0.4714387097482473,
            0.48855580047505803,
            0.4989664102675485,
            0.5072283303477073,
            0.5134136031885617,
            0.5166520495069483,
            0.5194294906216241,
            0.5243804850539223,
            0.5247935856300625,
            0.5285106756485225,
            0.5311643762178109,
            0.5333753450483573,
            0.5339417562621539,
            0.5341119560224762,
            0.5367469178522871,
            0.5376754215017694,
            0.536624369318368,
            0.5398413434706099,
            0.5375701689817867,
            0.5379722206318964,
            0.5372394687328182,
            0.541329824615046,
            0.5393558251238911,
            0.5407475280305727,
            0.5423677259944176,
            0.5368660444933209,
            0.5413226043917442
        ]
    }
}