{
    "tr": {
        "ce": [
            7.486246733924822,
            5.805267071296509,
            5.340365518374633,
            5.075073565439916,
            4.873207358015739,
            4.704936364978615,
            4.565026302100025,
            4.439095993166599,
            4.32345558915302,
            4.216345020283757,
            4.11843562734703,
            4.019638135417983,
            3.927773265627082,
            3.8391551454898183,
            3.7545376754901,
            3.673392289824415
        ],
        "mse": [
            12.386928159029278,
            8.505280879376254,
            7.649572617157872,
            7.155103643191907,
            6.780795482472061,
            6.47699232689699,
            6.227090853537806,
            6.004963025029617,
            5.801223954542978,
            5.6159139928467114,
            5.447081488629888,
            5.27693560274855,
            5.123882576818707,
            4.97615152026918,
            4.8351419060399055,
            4.703042699007668
        ],
        "acc": [
            0.3269990892111304,
            0.44281368112897335,
            0.479498591521923,
            0.49886211610716985,
            0.5135293456241014,
            0.5263138816226981,
            0.5371536008132985,
            0.5469470712614074,
            0.5559568236171928,
            0.5645257305932313,
            0.5723327230950758,
            0.5802115144355795,
            0.5878671233830065,
            0.5950511339333093,
            0.6020781107131415,
            0.6089674493202284
        ]
    },
    "vl": {
        "ce": [
            6.300244840767865,
            5.685338985724528,
            5.420334526749908,
            5.258413213198303,
            5.131011448271288,
            5.061798163450481,
            4.998959538063716,
            4.933626139750246,
            4.912549659202659,
            4.907686730551589,
            4.875229259006312,
            4.901215206078493,
            4.9024709085297715,
            4.8956260075334646,
            4.924893534900061,
            4.916425082201514
        ],
        "mse": [
            9.382285166307877,
            8.214179513232956,
            7.758084695847308,
            7.452173834941426,
            7.166321720581888,
            7.0822625381699025,
            6.947724744921825,
            6.847721029500493,
            6.789340562507754,
            6.78516101250883,
            6.724036101435051,
            6.77241496310208,
            6.785313616684877,
            6.806395259059843,
            6.86486221467211,
            6.841521937339032
        ],
        "acc": [
            0.40152703396609574,
            0.4513133279368526,
            0.4736321601059919,
            0.48393007693557794,
            0.4932423904131019,
            0.49960367088435126,
            0.504241165567617,
            0.5097951113851995,
            0.5108988990223473,
            0.5126211781645081,
            0.5130452956658244,
            0.511524075611693,
            0.5123053246019967,
            0.5129266406506137,
            0.5115423751333372,
            0.5124535197442998
        ]
    }
}