{
    "tr": {
        "ce": [
            2.3194445502029946,
            1.7449138521315009,
            1.6084847933106494,
            1.5339354860931136,
            1.4826680577949563,
            1.4452459692629012,
            1.4152127362717541,
            1.3906912451201896,
            1.3691104545813497,
            1.3503759580338048,
            1.3339143885337483,
            1.3188453531308726,
            1.3054474060095687,
            1.292344082455909,
            1.2809491970009514,
            1.2696474886925813,
            1.259167509686074,
            1.2487997836669649,
            1.2390998450502078,
            1.228993102034259,
            1.2193341607635995,
            1.2098906322729621,
            1.199421791456565,
            1.1902095210186365
        ],
        "mse": [
            6.901527896401223,
            4.6771595002814506,
            4.2822800558484895,
            4.053547317298557,
            3.8808703601487102,
            3.751173628749401,
            3.6407029362153733,
            3.5493736726395158,
            3.4684788133191757,
            3.3969117537417044,
            3.3337094862024244,
            3.275001364759818,
            3.2243603234304117,
            3.175121002739159,
            3.131542633819348,
            3.088689183870082,
            3.0514940178818124,
            3.0123959608405455,
            2.9784808098744637,
            2.9443107432994537,
            2.912274512213003,
            2.8806983934134127,
            2.8461622889010747,
            2.8172489819429596
        ],
        "acc": [
            0.3080566485812285,
            0.43708891772238617,
            0.4689916095285204,
            0.48624871282257304,
            0.498449413700692,
            0.5076459819551153,
            0.5153951344791425,
            0.521809041119752,
            0.5276513837710299,
            0.5328638355299463,
            0.5376271937020968,
            0.541994336110703,
            0.546014271656165,
            0.5497468117159284,
            0.5531176409254824,
            0.5567778248042186,
            0.5598639282764399,
            0.5631706021687645,
            0.5661848124056665,
            0.5692526376997218,
            0.5721338855137184,
            0.5749828128494487,
            0.5780896761068925,
            0.580850247100145
        ]
    },
    "vl": {
        "ce": [
            1.8928959460857788,
            1.7034430767669053,
            1.621774710266968,
            1.5736651547619553,
            1.5413202936532067,
            1.517938294697329,
            1.5013494859627687,
            1.4823568209272917,
            1.4776829937116696,
            1.4659949316353094,
            1.4557265929185628,
            1.4519178518832057,
            1.442755773093531,
            1.4468195497012528,
            1.4364737640313112,
            1.4438773292661364,
            1.4390395215300262,
            1.4366212005172272,
            1.426200840316835,
            1.437340369641455,
            1.4297113118927336,
            1.432983176304343,
            1.4333919042446575,
            1.4339162410934114
        ],
        "mse": [
            5.059871484021672,
            4.564648757215406,
            4.28078305721283,
            4.11132196845904,
            4.0310429992571555,
            3.9696830686975697,
            3.9108950629260373,
            3.7975275246172004,
            3.786505281599493,
            3.6893349534175437,
            3.7112225134516024,
            3.658953172587306,
            3.6062292886562033,
            3.6596862361079356,
            3.5931755441134094,
            3.6148488179582063,
            3.6129517783232727,
            3.6193769020460995,
            3.5614703346471317,
            3.592964906510108,
            3.5885014410227374,
            3.5612221207123635,
            3.5361066017645957,
            3.5725217904549478
        ],
        "acc": [
            0.39628495691252535,
            0.4434282529712375,
            0.46131664323187915,
            0.4734843108253401,
            0.48116509644874456,
            0.48680420325753465,
            0.490646321713273,
            0.49496451138310094,
            0.4965030606327161,
            0.4992310948710624,
            0.5015037147318079,
            0.5026105805580082,
            0.5052514738642453,
            0.5044498200136456,
            0.5078036889352434,
            0.5060967912928003,
            0.5067687696609341,
            0.5079292203070688,
            0.5112308845982525,
            0.5078298692169085,
            0.5104039631417541,
            0.5102524722371596,
            0.5092129382442255,
            0.5100535497150785
        ]
    }
}