{
    "tr": {
        "ce": [
            4.139512303461604,
            3.089418871936665,
            2.767366912219344,
            2.546844289644045,
            2.3695833960118464,
            2.2292603614373037,
            2.10343946920851,
            1.9886422693023056,
            1.8855851633285758,
            1.787577657632935,
            1.6893286661911937,
            1.6070774999732704
        ],
        "mse": [
            5.065290706855336,
            3.6251923337384078,
            3.249620679662931,
            2.9955915515091744,
            2.7798610092187426,
            2.6112087378564195,
            2.4587586592193507,
            2.3170785152669446,
            2.1911109985822748,
            2.0715297338847365,
            1.9515336714628364,
            1.8497434151784804
        ],
        "acc": [
            0.26044733029292444,
            0.3878117465512871,
            0.4319980807378277,
            0.4605392609023642,
            0.4851775390784525,
            0.5047575515006966,
            0.5225443681461476,
            0.5398418507163774,
            0.5551205823320778,
            0.5696483783829144,
            0.5846187403157865,
            0.5971300284285127
        ]
    },
    "vl": {
        "ce": [
            3.3631222332761586,
            3.0137466407213056,
            2.801065175585408,
            2.693237013178445,
            2.631244595259265,
            2.6056555975330333,
            2.574695787794603,
            2.591981021758637,
            2.5959929319027344,
            2.599335770463683,
            2.625287816498449,
            2.6445661740876285
        ],
        "mse": [
            3.9430845767422453,
            3.5393636399279527,
            3.2994719447333956,
            3.1650228194200274,
            3.099779491867524,
            3.076291559823875,
            3.0372761761555904,
            3.0702543167468628,
            3.084299057233529,
            3.1013872639729025,
            3.1344947525060896,
            3.1725776276953233
        ],
        "acc": [
            0.35377052263483977,
            0.40206582347551983,
            0.4327551251470717,
            0.4461828746675142,
            0.4589425068898279,
            0.4622785781250625,
            0.4689771517541239,
            0.4679657750930942,
            0.47029631027107033,
            0.47218404791719926,
            0.4714733323927134,
            0.4705296995047012
        ]
    }
}