{
    "tr": {
        "ce": [
            8.119861097112683,
            6.295873444046303,
            5.7047085018731725,
            5.324066892361358,
            5.0261907689080925,
            4.809616761887121,
            4.635992232444112,
            4.483163534707481,
            4.346611248110247,
            4.220675242921568,
            4.102745091578258,
            3.994184279651926,
            3.8877073586150095,
            3.786477398560859,
            3.691081398057199,
            3.5993063394800937,
            3.509230533583626,
            3.4241076008377376
        ],
        "mse": [
            13.873717066655583,
            9.339492802343191,
            8.323571360462598,
            7.685538466090454,
            7.191874242125945,
            6.818428971781191,
            6.510759391744099,
            6.243364555934974,
            6.0071046966000985,
            5.7911694670694285,
            5.590559968829553,
            5.405273873043147,
            5.231163260350652,
            5.060710092983286,
            4.903235009143288,
            4.752915631380896,
            4.6059324035018605,
            4.469054716113707
        ],
        "acc": [
            0.2850130852238272,
            0.40131798246210376,
            0.44842243170129675,
            0.48219683661318885,
            0.5099479987859653,
            0.5273814475742816,
            0.5402604882313611,
            0.5521377544749366,
            0.5625796563644896,
            0.572476961445352,
            0.5819497186338528,
            0.5904140316835111,
            0.5990265115746898,
            0.607250704913109,
            0.6152364879312286,
            0.6227656864026005,
            0.630421651239201,
            0.6376853656239946
        ]
    },
    "vl": {
        "ce": [
            6.81088923365692,
            6.113341176444716,
            5.698544299016233,
            5.451977257520123,
            5.223984448636164,
            5.092583129966194,
            5.032791587824378,
            4.93574522101814,
            4.916328257550307,
            4.880989410838143,
            4.860084493303559,
            4.877942997901166,
            4.840995198390523,
            4.848723763976592,
            4.853910153680812,
            4.858362356170279,
            4.909262352953843,
            4.948186626851233
        ],
        "mse": [
            10.15505425656428,
            9.005933964838746,
            8.293713956582742,
            7.92256958497678,
            7.5259863835214915,
            7.297228189114013,
            7.175368301203994,
            7.003726520173537,
            6.993053208283388,
            6.914462539016223,
            6.87108403476861,
            6.954515578316861,
            6.8403387095758825,
            6.8778701271515725,
            6.9002942166041805,
            6.875085260047287,
            6.976339348026963,
            7.08038460491785
        ],
        "acc": [
            0.3632244389158129,
            0.4132131074702805,
            0.45044751249538745,
            0.4763074294546914,
            0.49619232557836124,
            0.5059569777279603,
            0.5115702510531482,
            0.5184183066171375,
            0.5210488412549587,
            0.5238715167579755,
            0.5251966731144431,
            0.5258536153966612,
            0.5266754540100775,
            0.5270726075752186,
            0.5278253227146597,
            0.5259540651828214,
            0.5235188437289879,
            0.5218210489046379
        ]
    }
}