{
    "tr": {
        "ce": [
            2.2862888050456065,
            1.7129474971041567,
            1.5700728456795088,
            1.4897091531782518,
            1.4336926766493805,
            1.3900633482033269,
            1.3538310425290943,
            1.321653211055212,
            1.2930850751564444,
            1.2675283052609054,
            1.2440822934061153,
            1.2220985901026116,
            1.2015754519824524,
            1.1829613272233126,
            1.1645131498729158,
            1.1472431850520284,
            1.1309568852285816,
            1.1150794103854842
        ],
        "mse": [
            6.804879909081866,
            4.612982238617685,
            4.194291612798412,
            3.9392131702112447,
            3.7497481911496093,
            3.5972437486210986,
            3.46942126544476,
            3.3538926600395675,
            3.2528067897859225,
            3.1635273919935756,
            3.0779998895064997,
            2.9997565923799177,
            2.9268295975739886,
            2.8645853639119885,
            2.798762751364556,
            2.740529600301074,
            2.684647747391591,
            2.6306163751039415
        ],
        "acc": [
            0.31418885614279235,
            0.4425246353770273,
            0.47607697291564016,
            0.495288555209523,
            0.5092696091644092,
            0.520398612951153,
            0.5301406177134906,
            0.5388683148138214,
            0.5470868706956745,
            0.554347083203447,
            0.5613360297929838,
            0.5680319313508911,
            0.5743440207432411,
            0.580135312133993,
            0.5859537732633766,
            0.5914681610710459,
            0.5968479971435069,
            0.602048650116806
        ]
    },
    "vl": {
        "ce": [
            1.867080355276827,
            1.676053623684117,
            1.599699769189449,
            1.547238612109846,
            1.5122473757775103,
            1.4966822370805375,
            1.4772954394257134,
            1.479765512904183,
            1.4572656109033386,
            1.4439442343399174,
            1.4368189403919573,
            1.4390629715606815,
            1.4345787952506477,
            1.4435890671985396,
            1.4426543119826603,
            1.4412434928404176,
            1.4425169675728011,
            1.4474913933889462
        ],
        "mse": [
            5.098705539937879,
            4.501835124740183,
            4.230632067378101,
            4.078397227115318,
            3.9274318407142097,
            3.8149477595188577,
            3.8249742766547072,
            3.787026262348467,
            3.665151690850492,
            3.688208599559596,
            3.6484609930241696,
            3.6219402655877704,
            3.5706578405177005,
            3.5432030425045657,
            3.602907079816516,
            3.598440708358431,
            3.5552402448133043,
            3.55714019302462
        ],
        "acc": [
            0.4021720494973203,
            0.4472177619816827,
            0.46399297719933297,
            0.47686674502866516,
            0.48507580328020244,
            0.4884547544388823,
            0.4939688954685555,
            0.49428226884271276,
            0.499317954228224,
            0.5039324394829287,
            0.5058197071317767,
            0.5060569882555738,
            0.5074021081781127,
            0.5057591856177387,
            0.5066987374604074,
            0.5069148637395088,
            0.5082057399339364,
            0.5081317837609619
        ]
    }
}