{
    "tr": {
        "ce": [
            1.9161393010337386,
            1.4521819751192393,
            1.3128155355430309,
            1.2185506246547066,
            1.143283180971705,
            1.077907878807054,
            1.020111242205638,
            0.9670430331815524,
            0.9172328992731772,
            0.8713514350787082
        ],
        "mse": [
            13.519937485121405,
            8.978223951490989,
            7.768745354119495,
            6.98199164545018,
            6.373908963546823,
            5.861168108244357,
            5.424929839939522,
            5.03376096753283,
            4.672124841226991,
            4.3501028467622875
        ],
        "acc": [
            0.4085056008739933,
            0.5153180185475635,
            0.5501932948691908,
            0.5759880521202551,
            0.5980114920528345,
            0.6180925015184663,
            0.6365823454677207,
            0.653849122191736,
            0.6707085492907234,
            0.6862813002503197
        ]
    },
    "vl": {
        "ce": [
            1.6198375739686477,
            1.4739172097112312,
            1.4165318471486452,
            1.3910698245783322,
            1.3752510055818192,
            1.3920267839900782,
            1.3965125210949632,
            1.4292860044156268,
            1.4608079719413174,
            1.4953565141542362
        ],
        "mse": [
            10.47283222115105,
            8.92143459267955,
            8.440960372080568,
            7.964366196283226,
            7.841085763576904,
            7.783419624703829,
            7.637989923602245,
            7.6997347164675185,
            7.676247982379517,
            7.7537047915119945
        ],
        "acc": [
            0.4708387409158743,
            0.5018495137248534,
            0.5165613303419019,
            0.524527426218726,
            0.529266029026339,
            0.529533476451707,
            0.5305579732187459,
            0.5274966961699106,
            0.5260743247192414,
            0.5227818854682432
        ]
    }
}